name,address,latitude,longitude
부산화명점,부산광역시 북구 화명대로 34,35.2345215817361,129.011891557756
부산정관점,부산광역시 기장군 정관읍 정관로 575-3,35.3215342654832,129.176737590497
부산남산점,부산광역시 금정구 중앙대로 1989,35.262146679655,129.091312246261
덕천중앙점,부산광역시 북구 덕천1길 26,35.2097669646361,129.007041249552
부산구서역점,부산광역시 금정구 구서로 3,35.246478922913,129.09067757437
부산부곡DI점,부산광역시 금정구 중앙대로 1722,35.238085776396,129.092745053639
신세계프리미엄아울렛부산점,부산광역시 기장군 장안읍 정관로 1133,35.3249413082094,129.236072800234
부산대점,부산광역시 금정구 부산대학로 47,35.2311618845756,129.086046199536
부산대역점,"부산광역시 금정구 부산대학로 29 네오스퀘어 102,",35.2307915342883,129.088019769268
부산대장전점,부산광역시 금정구 금정로60번길 29,35.2296639424413,129.087924970468
부산애플아울렛점,부산광역시 사상구 사상로 201 애플아울렛 본관동 지하,35.1631461622437,128.98098582427
부산사상광장점,부산광역시 사상구 광장로 25 롯데하이마트사상점 내,35.1634859678231,128.979753130214
온천장역점,"부산광역시 동래구 중앙대로 1523 에스케이허브스카이상가 A1-28,29,48,49호",35.2211719490401,129.085522588953
부산온천점,부산광역시 동래구 온천장로65번길 9 119~121호,35.2164407285619,129.07979446266
부산사상점,부산광역시 사상구 사상로 204 올리브영 사상점,35.1633668934615,128.984368960767
롯데백화점동래점,부산광역시 동래구 중앙대로 1393,35.2117079891013,129.077479742123
부산미남역점,부산광역시 동래구 아시아드대로231번길 3,35.2046503495947,129.066994728731
부산사직점,부산광역시 동래구 사직북로 1 올리브영,35.1959742993131,129.060599074501
부산동래점,부산광역시 동래구 명륜로129번길 35 화봉빌딩,35.2051145693562,129.080263311915
홈플러스아시아드점,부산광역시 연제구 종합운동장로 7 홈플러스아시아드점,35.1912673442372,129.062008575202
부산거제점,부산광역시 연제구 아시아드대로 93,35.19292197363,129.066594636951
부산당감점,부산광역시 부산진구 당감로 46,35.1656891893529,129.039313499643
경남정보대점,부산광역시 사상구 냉정로 116,35.1493491310075,129.012608959211
연산역점,부산광역시 연제구 중앙대로 1086,35.1845842133149,129.080882548376
부산연산점,부산광역시 연제구 반송로 22,35.1870884743446,129.083463092538
부산개금점,부산광역시 부산진구 가야대로 486,35.1527882355747,129.025196780398
명지국제신도시점,부산광역시 강서구 명지국제8로 260,35.0976062262612,128.92114908726
부산시청역점,"부산광역시 연제구 연제로 30 시청역동원비스타 105동 B101, B102호",35.1792657348573,129.076959383109
부산반여1동점,부산광역시 해운대구 선수촌로 109,35.20353469943,129.119492796222
스타필드시티명지점,부산광역시 강서구 명지국제6로 168,35.0931119772294,128.918143592831
부산양정점,부산광역시 부산진구 중앙대로 904,35.1708454246551,129.069959785405
부산일광점,부산광역시 기장군 일광읍 해송1로 4,35.2659350829536,129.229056013481
부산명지오션점,"부산광역시 강서구 명지오션시티4로 59 스타빌딩,",35.083773164028,128.903941794891
서면가야대로점,부산광역시 부산진구 가야대로 775-1,35.1579125757783,129.056441956954
서면역사점,"부산광역시 부산진구 중앙대로 지하 730 2-02호(부전동, 서면역구내)",35.157764059003,129.059035752371
하단중앙점,부산광역시 사하구 낙동남로 1417,35.1065663606129,128.966629161401
부산아트몰링점,부산광역시 사하구 낙동남로 1413 아트몰링부산점 지하1층,35.106754958865,128.966474900321
올리브영 서면 타운,부산광역시 부산진구 중앙대로 704-1 부전동 165-3 외 3필지,35.1556263856993,129.059551352552
연산토곡점,부산광역시 연제구 과정로 112,35.1813338756574,129.107356918885
서면1번가점,부산광역시 부산진구 신천대로62번길 77 부전동(북측),35.1542264443589,129.058257067247
서면부전중앙점,부산광역시 부산진구 중앙대로692번길 30,35.1543159103269,129.060944854812
부산기장점,부산광역시 기장군 기장읍 읍내로 111,35.2452466485937,129.216476285538
서면삼정타워점,부산광역시 부산진구 중앙대로 672 삼정타워,35.153006221653,129.059606320437
부산전포역점,부산광역시 부산진구 전포대로199번길 9,35.1543321420614,129.064711263602
부산당리점,부산광역시 사하구 낙동대로 412,35.1039492285766,128.973265183202
커넥트현대부산점,부산광역시 동구 범일로 125 커넥트현대부산점,35.1412817256576,129.058614831268
부산범일점,부산광역시 동구 범일로 102 올리브영,35.1392248304239,129.059695512756
부산수영점,부산광역시 수영구 수영로 703,35.168019925399,129.11626936747
부산괴정역점,부산광역시 사하구 낙동대로 219,35.0998197193453,128.992932986005
센텀중앙로점,부산광역시 해운대구 센텀6로 21,35.1735919138624,129.129217028873
부산수영로점,"부산광역시 수영구 수영로 631 파스텔라스튜디오,",35.1622061944609,129.113728563353
부산문현점,부산광역시 남구 수영로 31,35.1372478354702,129.071292151574
부산센텀점,부산광역시 해운대구 센텀동로 9 트럼프월드센텀,35.1698704966296,129.132455662366
부산장림점,부산광역시 사하구 장림번영로 50,35.0803313555203,128.970817405934
부산광안역점,부산광역시 수영구 수영로 584,35.1577669180554,129.113384011512
부산역점,부산광역시 동구 중앙대로 197,35.1151169220309,129.039214831857
부산역사점,부산광역시 동구 중앙대로 206 부산역 맞이방,35.117605126596,129.045060216345
부산벡스코점,부산광역시 해운대구 센텀2로 24,35.1666671766869,129.132451340727
광안비치점,부산광역시 수영구 광안해변로 235,35.154681253347,129.119707382831
부산대연역점,부산광역시 남구 수영로 225-1,35.1353806023645,129.091329411342
광안리점,부산광역시 수영구 광안해변로 153-1,35.148493760019,129.114428688464
올리브영 광복 타운,부산광역시 중구 비프광장로 36,35.0986189312814,129.028757181872
부산자갈치역점,부산광역시 서구 구덕로 102-1,35.0969061398792,129.024387318787
경성대부경대점,부산광역시 남구 수영로 312 21세기센츄리시티빌딩,35.1369795296869,129.100620669986
남천역점,부산광역시 수영구 수영로 384,35.1407754701175,129.106966332219
부산부경대점,부산광역시 남구 용소로 12,35.1361836568202,129.100463092582
부산남포점,부산광역시 중구 광복로 64-1,35.0989053828039,129.031932890056
부산마린시티아이파크점,부산광역시 해운대구 마린시티2로 38 해운대아이파크 C동~111호,35.157037795554,129.143328681551
롯데백화점광복점,부산광역시 중구 중앙대로 2,35.0979848964696,129.036632251021
해운대역점,부산광역시 해운대구 구남로8번길 7-5,35.1628553868827,129.159115837286
해운대센트럴점,"부산광역시 해운대구 해운대로 650 해운대센트럴푸르지오 101,102호",35.1646359363932,129.161319140252
마린시티점,부산광역시 해운대구 마린시티1로 127,35.154787253959,129.146692803602
롯데프리미엄아울렛동부산점,부산광역시 기장군 기장읍 기장해안로 147 롯데프리미엄아울렛동부산점,35.1923229796397,129.212495349946
부산장산역점,부산광역시 해운대구 세실로 75,35.1712911978093,129.176768537085
해운대중앙점,부산광역시 해운대구 구남로 27,35.161756049363,129.160891004603
이마트해운대점,부산광역시 해운대구 좌동순환로 511,35.1660208153462,129.167373764158
부산W스퀘어점,"부산광역시 남구 분포로 145 더블유스퀘어 1004,1005호",35.1342294576999,129.111216765972
다대포항역점,부산광역시 사하구 다대로 550,35.0572853070202,128.970744846532
딜라이트 프로젝트 해운대점,부산광역시 해운대구 구남로 42,35.1604451759281,129.161137451035
부산영도점,부산광역시 영도구 대교로 16 올리브영 부산영도점,35.0936655390956,129.043353357879
부산장산점,부산광역시 해운대구 세실로27번길 23,35.1688606435588,129.177781181108
해운대엘시티점,부산광역시 해운대구 달맞이길 30 엘시티 포디움동,35.1613327099223,129.168013841974
부산다대포점,부산광역시 사하구 다대로 698,35.0485885803432,128.965360439629
부산용호점,부산광역시 남구 동명로 139,35.1197172740946,129.112295349926
음성금왕점,충청북도 음성군 금왕읍 무극로278번길 4,36.9926457580625,127.592551602549
충북혁신도시점,충청북도 음성군 맹동면 대하로 227,36.9085205069921,127.541271838151
충북진천점,충청북도 진천군 진천읍 상산로 86-1,36.8545000627195,127.4436256942
서충주점,"충청북도 충주시 중앙탑면 기업도시로 214 103,104,105호",37.0161434593041,127.82519061374
증평점,충청북도 증평군 증평읍 중앙로 184-1,36.7827031739936,127.579977802451
청주오창점,충청북도 청주시 청원구 오창읍 중심상업로 48 123~128호,36.7149558218881,127.429974232672
충주터미널점,충청북도 충주시 봉계1길 54,36.9811868664378,127.915686939086
충주연수점,충청북도 충주시 연수동산로4길 2 올리브영,36.9828976688937,127.939912119714
충주점,충청북도 충주시 성서8길 18,36.9708622306274,127.932736617218
충주호암점,충청북도 충주시 형설로 48 라동(호암동),36.9581034338134,127.940794407788
청주오송점,충청북도 청주시 흥덕구 오송읍 오송생명5로 183-3,36.6303474895853,127.330210979543
청주오송2지구점,충청북도 청주시 흥덕구 오송읍 오송생명11로 48,36.6192018723668,127.316095986201
청주율량점,충청북도 청주시 청원구 충청대로 174,36.6716607806071,127.496512807621
롯데아울렛청주점,충청북도 청주시 흥덕구 2순환로 1004 롯데아울렛청주점,36.6451741075822,127.421643447175
청주지웰점,충청북도 청주시 흥덕구 대농로 39 B동 107-1,36.6423374175194,127.426913157763
청주율량2지구점,충청북도 청주시 청원구 1순환로 144,36.6645629225626,127.496530186375
청주신봉네거리점,충청북도 청주시 흥덕구 사운로 303,36.6540688680858,127.470538839337
청주하복대점,충청북도 청주시 흥덕구 짐대로 58,36.6317723900263,127.428343135534
청주대점,충청북도 청주시 청원구 직지대로 886,36.6510094925731,127.488042477045
커넥트현대청주점,충청북도 청주시 흥덕구 2순환로 1225 커넥트현대청주,36.6269631809148,127.430731962744
청주사창사거리점,충청북도 청주시 서원구 사직대로 107,36.6351321346299,127.459360227231
충북대점,충청북도 청주시 서원구 1순환로 672 번길 10,36.6336327036612,127.459347636912
청주터미널중앙점,충청북도 청주시 흥덕구 풍산로 26,36.6260674369272,127.433396175032
올리브영 청주 타운,충청북도 청주시 상당구 상당로81번길 26/2층,36.635694120759,127.4888108466
홈플러스청주점,충청북도 청주시 흥덕구 서부로 1291 홈플러스청주점,36.6154343869329,127.442238420125
청주가경점,충청북도 청주시 흥덕구 서부로 1307,36.6161912453107,127.443838913395
청주금천점,충청북도 청주시 상당구 중고개로 336,36.6307148193632,127.503765322196
청주산남점,충청북도 청주시 서원구 산남로 50 삼한프라자,36.6114442339977,127.468514667805
청주분평점,충청북도 청주시 서원구 1순환로1107번길 40,36.6080980280948,127.489922474836
청주동남점,충청북도 청주시 상당구 중고개로 137 동남빌딩(용암동),36.6171979862162,127.517762472115
청주용암점,충청북도 청주시 상당구 월평로 180,36.6101382161562,127.504154230744
제천하소점,충청북도 제천시 용두대로15길 4,37.1393770876614,128.201158854391
제천점,충청북도 제천시 풍양로13길 6,37.1377184806491,128.211201924312
제천강제점,충청북도 제천시 장평천로 27-12,37.1237128509798,128.22129277431
옥천점,충청북도 옥천군 옥천읍 삼금로 34,36.3013523050248,127.568016743014
충북영동점,충청북도 영동군 영동읍 영산로 8(메이빌타운),36.1759436473718,127.777510033728
아산테크노밸리점,충청남도 아산시 둔포면 아산밸리중앙로 50 112동 이지더원단지 내,36.9232108522856,127.052503164281
천안직산점,충청남도 천안시 서북구 직산읍 봉주로 64,36.8771042065017,127.153759385942
당진시곡점,충청남도 당진시 서해로 6275 M107호(시곡동),36.9029160967082,126.683511910844
당진신성점,충청남도 당진시 당진중앙2로 202,36.8966283568385,126.635261640252
당진점,충청남도 당진시 당진중앙2로 123 신우빌딩,36.894658267484,126.631281440652
당진문예의전당점,충청남도 당진시 시청1로 73,36.890824119095,126.639416505512
천안업성호수점,충청남도 천안시 서북구 성성4길 43 A동,36.8440486155497,127.13663470373
천안두정중앙점,"충청남도 천안시 서북구 두정로 166,",36.8335359732136,127.135275054544
천안두정역점,충청남도 천안시 서북구 두정역서3길 23,36.8331830149707,127.14819657137
천안백석점,충청남도 천안시 서북구 한들3로 35-4,36.8270022602719,127.123394091646
천안성정점,충청남도 천안시 서북구 성정공원5로 31,36.828137278149,127.140845872945
천안불당파크점,충청남도 천안시 서북구 불당23로 70 정우프라자106호~108호,36.8176271324623,127.108802446265
아산삼성2캠퍼스점,충청남도 아산시 탕정면 탕정로 380-2,36.8191879482132,127.063361951565
천안터미널점,충청남도 천안시 동남구 만남로 43 아라리오본관,36.8193302097389,127.15784651678
올리브영 천안 타운,충청남도 천안시 동남구 만남로 43 아라리오건물,36.8193302097389,127.15784651678
천안신불당점,충청남도 천안시 서북구 불당26로 80 천안지웰시티 근린생활시설4BL B106-6호,36.8156295161144,127.106553416969
천안신부점,충청남도 천안시 동남구 만남로 43 천안고속터미널,36.8193302097389,127.15784651678
천안불당동점,충청남도 천안시 서북구 불당32길 18,36.8082652945517,127.10532350699
천안역점,충청남도 천안시 동남구 대흥로 228 104~106호,36.8083800152749,127.148108413247
아산지중해마을점,충청남도 아산시 탕정면 탕정면로8번길 33-18,36.7983068758328,127.059484977388
천안쌍용광명점,충청남도 천안시 서북구 미라8길 19(쌍용동),36.8032681182947,127.129651348054
천안모다펜타포트점,충청남도 천안시 서북구 공원로 196 펜타포트 지하,36.7984279064312,127.101429867826
천안나사렛점,충청남도 천안시 서북구 월봉로 92,36.7987774144433,127.118430470343
천안쌍용점,충청남도 천안시 서북구 차돌들길 7-13,36.7964836899403,127.128530425563
아산방축점,충청남도 아산시 온천대로 1367,36.7848547614924,126.990490224137
아산터미널점,충청남도 아산시 번영로 216,36.7842296931458,127.014515044891
아산탕정점,충청남도 아산시 탕정면 한들물빛5로 25 111~113호,36.7875523718762,127.086107001892
천안구성점,충청남도 천안시 동남구 천안대로 548,36.7971256110515,127.165126959012
아산점,충청남도 아산시 충무로 5,36.7817829025038,127.003980601982
아산용화점,충청남도 아산시 용화로47번길 3-1,36.7751084329681,127.008858544264
아산배방점,충청남도 아산시 배방읍 배방로 25,36.7745762426139,127.054897209844
천안청수점,"충청남도 천안시 동남구 청수4로 16, 110-1호,",36.7832666445141,127.152876025002
서산테크노밸리점,충청남도 서산시 성연면 성연4로 27-8,36.8220626738062,126.451219412452
충남예산점,충청남도 예산군 예산읍 역전로 136 올리브영,36.6912742521414,126.830249840754
서산터미널점,충청남도 서산시 안견로 184-20,36.7821392792225,126.458169774438
서산호수공원점,충청남도 서산시 호수공원5로 30,36.7747100007891,126.449740719691
서산석남점,충청남도 서산시 남부순환로 1020,36.7670706865337,126.452648464595
충남도청점,충청남도 홍성군 홍북읍 청사로 146 신경리 587 센텀시티,36.6570432945004,126.679366777464
홍성내포점,충청남도 홍성군 홍북읍 청사로48번길 12-1,36.6478978516284,126.675821411233
충남태안점,충청남도 태안군 태안읍 동백로 317,36.7479030209714,126.304969446289
홍성터미널점,충청남도 홍성군 홍성읍 조양로247번길 22,36.6018213948981,126.677125913608
홍성점,충청남도 홍성군 홍성읍 조양로144번길 7,36.6013292475622,126.665866674915
공주대점,충청남도 공주시 공주대학로 77-1,36.4720508448627,127.137499156268
공주중동점,충청남도 공주시 웅진로 174,36.4558582598902,127.124822031534
보령동대점,충청남도 보령시 한내로 16,36.3472144543856,126.605462062538
충남부여점,충청남도 부여군 부여읍 사비로 97,36.2812326110243,126.910270623143
충남계룡점,충청남도 계룡시 엄사면 번영로 20,36.2884301955463,127.243012180101
충남계룡대실점,충청남도 계룡시 두마면 대실남북3길 6,36.2662845308857,127.258118178894
논산반월점,충청남도 논산시 중앙로480번길 8,36.2060225126578,127.084410190039
논산내동점,충청남도 논산시 시민로 166,36.1823034750323,127.10026621127
대전관평점,대전광역시 유성구 관평2로 48,36.4226955592441,127.388499342763
현대프리미엄아울렛대전점,대전광역시 유성구 테크노중앙로 123,36.4234369155218,127.398516767788
대전용산점,대전광역시 유성구 배울1로 128 104~106호,36.4165344415447,127.39373838095
대전반석점,대전광역시 유성구 반석로 24 102~103호,36.3917259894832,127.312043894802
대전전민점,대전광역시 유성구 유성대로 1736-1,36.3993897003951,127.402221282436
대전신성점,대전광역시 유성구 신성남로 43,36.3867273259451,127.34982574112
대전노은역점,대전광역시 유성구 은구비남로33번길 29 홍송빌딩,36.373566427424,127.319122362303
대전죽동점,대전광역시 유성구 죽동로297번길 76,36.3701092146609,127.338425398901
충남대점,대전광역시 유성구 대학로151번길 35,36.3621572415207,127.350004653286
대전봉명점,대전광역시 유성구 대학로 60,36.3587476373614,127.344238670807
대전유성자이점,"대전광역시 유성구 계룡로 55 유성자이,",36.3561628739931,127.33716366155
홈플러스유성점,대전광역시 유성구 한밭대로 502 홈플러스유성점,36.3584023856827,127.354171588147
대전유성온천역점,대전광역시 유성구 대학로 11,36.3549244467671,127.341459198701
대전월평점,대전광역시 서구 청사서로 26,36.3601105496054,127.376944477891
대전월평역점,대전광역시 서구 월평로 60,36.3559618852263,127.363661822122
대전정부청사점,대전광역시 서구 청사로 234,36.3595087497148,127.389834474705
대전상대점,대전광역시 유성구 도안대로 511-7,36.3456533184576,127.339691395051
대전파랑새점,대전광역시 서구 대덕대로 226,36.3527340281524,127.379863089188
올리브영 대전 타운,대전광역시 서구 둔산로 29 올리브영 대전 타운,36.3520218007804,127.377226662287
대전송촌점,대전광역시 대덕구 계족산로81번길 64,36.3656743631377,127.438631024374
대전시청역점,대전광역시 서구 둔산로 142,36.3510362640574,127.389533214881
대전갈마점,대전광역시 서구 갈마중로 12,36.3472928914845,127.37033843104
대전탄방점,대전광역시 서구 문정로 77,36.3473270477187,127.38797598172
한남대점,대전광역시 동구 한남로 7,36.3511650775741,127.427331190608
대전목원대점,대전광역시 서구 도안북로93번길 11 에프엠프라임4차,36.3306860207258,127.33860899324
대전터미널동관점,대전광역시 동구 동서대로1695번길 30 동관1층 CE101호,36.3512760051536,127.437518299333
대전복합터미널점,대전광역시 동구 동서대로 1689 서관 EW130호,36.3503349793975,127.436711042049
대전용문역점,대전광역시 서구 용문동 589-6,36.339380088802,127.391494847934
대전도안호수공원점,대전광역시 서구 도안동로 234-54 111~114호,36.3261961829841,127.348571814659
대전목동점,대전광역시 중구 목중로 9,36.3348140896312,127.41177068158
대전우송대점,대전광역시 동구 동대전로 161,36.3363738368656,127.446966017037
대전역점,대전광역시 동구 대전로 822 올리브영,36.3327612825429,127.432194896335
대전중앙점,대전광역시 중구 중앙로164번길 17 올리브영 대전,36.328625854391,127.428295184359
서대전역점,대전광역시 중구 오류로 19,36.3221775842272,127.404677730713
대전대흥점,대전광역시 중구 중앙로130번길 14,36.3273853941697,127.42445256912
대전버드내점,대전광역시 중구 태평로 26,36.3190650643779,127.392470069634
서대전네거리점,대전광역시 중구 계백로 1715,36.3220788042609,127.409838678717
대전가수원점,대전광역시 서구 계백로 1149,36.305018440238,127.35087745691
대전관저점,대전광역시 서구 관저동로73번길 6,36.2987389116587,127.340179445286
대전마치광장점,대전광역시 서구 구봉로131번길 49 103~107호,36.2985303737193,127.337158381858
대전판암점,대전광역시 동구 옥천로 169 판암역르네블루 L103~L107,36.3175921308903,127.458582492928
대전초록마을점,대전광역시 서구 복수동로 60-1,36.2989118239287,127.378223457816
대전가오점,대전광역시 동구 은어송로 57,36.306342306764,127.455580675257
패션아일랜드대전점,대전광역시 동구 은어송로 72,36.3069678174478,127.457985837078
춘천온의점,"강원특별자치도 춘천시 방송길 77 춘천센트럴타워푸르지오 프리미엄홀 1201,1202호",37.8694788164144,127.72047703505
춘천석사점,강원특별자치도 춘천시 퇴계농공로 12,37.8521077312462,127.744449540357
춘천명동점,강원특별자치도 춘천시 금강로 59,37.8799753048979,127.728541228576
철원동송점,강원특별자치도 철원군 동송읍 금학로 213,38.2075908400486,127.218163083974
춘천엔타점,강원특별자치도 춘천시 후석로 120 춘천NH타워,37.8633518904834,127.74834628981
강원대점,강원특별자치도 춘천시 서부대성로 231-1,37.8731572746483,127.743965522245
춘천후평점,강원특별자치도 춘천시 후석로 298-1,37.8780413000169,127.751568785049
홍천점,강원특별자치도 홍천군 홍천읍 신장대로 79,37.6908471109842,127.88506106849
원주기업도시점,강원특별자치도 원주시 지정면 신지정로 322,37.3824972408881,127.872383190291
더블유시티점,강원특별자치도 원주시 서원대로 171 원주터미널,37.3451559805577,127.93075734673
원주단계점,강원특별자치도 원주시 원문로 74 플러스마트 올리브영 원주단계점,37.3572442244555,127.937759237962
원주무실중앙점,강원특별자치도 원주시 능라동길 49 1~2층,37.3347151494339,127.929584188646
횡성점,강원특별자치도 횡성군 횡성읍 문정로 20,37.4897913650719,127.98556781223
원주중앙로점,강원특별자치도 원주시 중앙로 94,37.3492368093973,127.951197516698
원주단구점,강원특별자치도 원주시 남원로534번길 14,37.330767044682,127.948137940524
원주혁신도시점,"강원특별자치도 원주시 혁신로 61 골든스퀘어 2차,",37.323398206636,127.980833933445
속초조양점,강원특별자치도 속초시 동해대로 4038,38.1901114862289,128.593234067204
속초점,강원특별자치도 속초시 중앙로 132,38.2025225695052,128.590418221386
강릉교동점,강원특별자치도 강릉시 교동광장로 115,37.7649026679499,128.877524597602
올리브영 강릉 타운,강원특별자치도 강릉시 금성로42번길 11,37.7536534448586,128.895590610162
강릉역사점,강원특별자치도 강릉시 용지로 176 올리브영 강릉역사점,37.7645195812136,128.899617238918
강릉입암점,강원특별자치도 강릉시 용지로 23(입암동),37.753704979798,128.911508612165
강릉포남점,강원특별자치도 강릉시 하평길 37,37.7705302271886,128.912934916608
태백점,"강원특별자치도 태백시 황지로 151 102,103호",37.172297137153,128.992061922993
동해청운점,강원특별자치도 동해시 청운1길 56 올리브영 동해청운점,37.4858812772832,129.10940384012
동해점,"강원특별자치도 동해시 천곡로 68,(천곡동, 현대코아)",37.5232921412433,129.112824883665
동해천곡점,강원특별자치도 동해시 한섬로 113-4,37.5220690002653,129.115962119852
삼척점,강원특별자치도 삼척시 진주로 9,37.4415979665787,129.163890490501
홈플러스칠곡점,대구광역시 북구 동암로12길 8 홈플러스칠곡점,35.9449268172911,128.555859679587
대구칠곡점,대구광역시 북구 학정로 440,35.9437658958564,128.564253091998
대구태전점,대구광역시 북구 칠곡중앙대로 393,35.9308793612357,128.547827783553
대구구암점,대구광역시 북구 구암로 136,35.9316084504212,128.555622225064
대구금호점,대구광역시 북구 한강로 52-1 에메랄드(사수동),35.8970844728924,128.515297240668
대구세천점,대구광역시 달성군 다사읍 세천로 157,35.8748167018152,128.478249794798
대구죽곡점,대구광역시 달성군 다사읍 달구벌대로 880,35.8574400694373,128.464804696801
대구연경점,대구광역시 북구 동화천로 229,35.9424112749744,128.616056453421
대구강창역점,대구광역시 달서구 달구벌대로 1019 동행빌딩,35.8534266993885,128.478893627096
계명대점,대구광역시 달서구 계대동문로 14,35.855365614135,128.49378989052
대구이곡점,대구광역시 달서구 이곡공원로 24,35.8549656631373,128.509987470075
대구성서모다점,대구광역시 달서구 달서대로 431,35.8377831523657,128.49136878013
대구이시아폴리스점,대구광역시 동구 팔공로 263,35.9223420449819,128.640782264192
대구칠성점,"대구광역시 북구 옥산로 95 화인탑팰리스(신축) 107,108호",35.8846338590506,128.585933915232
대구평리점,대구광역시 서구 서대구로 91,35.8660734122843,128.555291140984
홈플러스성서점,대구광역시 달서구 달구벌대로 1467 홈플러스 성서점,35.8494536056911,128.527405810027
대구침산점,대구광역시 북구 침산로 124,35.8872917627249,128.591751309909
경북대점,대구광역시 북구 대학로17길 3,35.8926774365789,128.608749542541
대구죽전네거리점,대구광역시 달서구 와룡로 185 전자랜드죽전점 내,35.8492760361819,128.536680265208
대구두류점,대구광역시 달서구 달구벌대로 1704,35.8554589647936,128.552140818381
대구내당점,"대구광역시 서구 달구벌대로361길 1,",35.8596466714375,128.561682171278
대구칠성로점,대구광역시 북구 중앙대로 522,35.8795508647912,128.595967915535
대구감삼DI점,대구광역시 달서구 와룡로 130,35.844148465582,128.537603230602
대구복현네거리점,"대구광역시 북구 동북로 291 피아노메디컬타워 103,104,105호",35.8927780820039,128.622159680968
롯데백화점대구점,대구광역시 북구 태평로 161,35.8758849492106,128.596129208483
대구동성로점,대구광역시 중구 국채보상로 593,35.8710801543246,128.595504811385
대구대현점,대구광역시 북구 신암로 111 강남메디컬타워,35.8808355826175,128.611289512107
대구중앙로점,대구광역시 중구 중앙대로 388,35.8676862475724,128.593768895843
대구대백점,대구광역시 중구 동성로6길 22,35.8688174703793,128.596563025154
대구옥포점,대구광역시 달성군 옥포읍 돌미로2서길 6,35.7789731275368,128.437908684372
올리브영 대구 타운,대구광역시 중구 동성로5길 33,35.8678397444697,128.596460263859
대구동성로광장점,대구광역시 중구 동성로1길 28 동성타워,35.8662646047534,128.595017896919
대구반월당점,대구광역시 중구 달구벌대로 지하 2100,35.8644213158621,128.593340834492
대구월성점,대구광역시 달서구 조암로 29,35.8245672095578,128.526807145333
대구명덕역점,대구광역시 중구 중앙대로 267,35.8574634665782,128.590370924681
대구화원점,대구광역시 달성군 화원읍 비슬로 2561,35.803363291908,128.496733928626
대구서부정류장점,대구광역시 달서구 월배로 479,35.8359729822946,128.555994358911
동대구역사점,대구광역시 동구 동대구로 550 동대구역,35.8794361440597,128.628775532684
동대구지하철역점,"대구광역시 동구 동대구로 지하 530 동대구역1호선 지하상가 3,4호",35.8774298682917,128.62732526467
동대구터미널점,대구광역시 동구 동부로 149,35.8779406718693,128.629190024219
대구진천점,대구광역시 달서구 진천로 72,35.8151532296063,128.52382657186
대구대명점,대구광역시 남구 대명로 89,35.8397496300296,128.56754357345
대구상인점,대구광역시 달서구 월배로 210 올리브영 대구상인점,35.8182682435936,128.536532887261
대구수성4가점,대구광역시 수성구 달구벌대로 2297,35.8600568726596,128.613842410723
대구앞산점,대구광역시 남구 대명남로 193,35.8356564469268,128.579398134794
대구수성1가점,"대구광역시 수성구 수성로69길 414동 101,",35.8559135973678,128.611043299418
대구만촌점,대구광역시 수성구 동원로 135 메트로팔레스상가,35.8691799048805,128.633469025896
대구범어점,대구광역시 수성구 달구벌대로 2379,35.8596419250305,128.622836418689
대구수성3가점,대구광역시 수성구 명덕로 468,35.8537664682388,128.621296145907
대구범어역점,대구광역시 수성구 달구벌대로 2442,35.8584114555925,128.629602969941
대구중동점,대구광역시 수성구 수성로 227,35.8457729883157,128.611664586842
대구수성구청역점,대구광역시 수성구 달구벌대로 2518,35.8585031222853,128.638008906396
대구만촌네거리점,대구광역시 수성구 달구벌대로 2600,35.8582182371686,128.646829593549
대구황금점,대구광역시 수성구 동대구로 95,35.8379057878629,128.622646713316
대구황금캐슬점,대구광역시 수성구 청수로 202,35.8389817574439,128.629942904304
대구수성스퀘어점,대구광역시 수성구 용학로 106-7 수성스퀘어,35.8240968422458,128.618409237623
대구율하점,대구광역시 동구 안심로22길 48,35.8632743647729,128.696667619487
대구범물점,대구광역시 수성구 지범로 180,35.8212932085075,128.63890747412
대구동호점,대구광역시 동구 금강로 16,35.8663641614813,128.724374559529
대구시지점,대구광역시 수성구 달구벌대로 3214,35.8395457769208,128.707880688025
대구현풍점,대구광역시 달성군 현풍읍 테크노상업로 62,35.6931967469078,128.456341518681
대구사월역점,대구광역시 수성구 달구벌대로 3280301동 116-1호,35.8367151502221,128.714801366606
대구테크노엠스퀘어점,대구광역시 달성군 유가읍 테크노상업로 120 엠스퀘어플러스,35.6930633080128,128.462900757148
메가박스광주첨단점,광주광역시 광산구 앰코로 35,35.2215326011543,126.85239146838
광주첨단쌍암점,광주광역시 광산구 임방울대로826번길 29-24,35.2159885077292,126.850060096603
광주첨단점,"광주광역시 광산구 첨단중앙로 104,",35.2146214730841,126.843331859624
광주양산점,광주광역시 북구 양산로 54,35.2100927865619,126.880262038647
광주일곡점,광주광역시 북구 설죽로 518,35.2054756821055,126.898063567302
광주첨단2지구점,광주광역시 북구 첨단연신로 97,35.2065770492029,126.864029128375
광주신창점,광주광역시 광산구 신창로 125,35.1964636433096,126.838183769196
광주수완점,광주광역시 광산구 임방울대로 342,35.1903839954838,126.82432647259
광주매곡점,광주광역시 북구 설죽로 319,35.188171915008,126.898564547467
광주문흥점,광주광역시 북구 대천로 140-7,35.1865994065542,126.922049029179
광주장덕점,"광주광역시 광산구 장신로 82, 보강빌딩 103,",35.1904445413118,126.818743221669
광주신가점,광주광역시 광산구 수등로 254,35.1849582610974,126.836534796069
홈플러스동광주점,광주광역시 북구 동문대로 200,35.1793416468181,126.930416612572
광주운암점,광주광역시 북구 북문대로 117,35.1796737888301,126.874542474338
전남대점,광주광역시 북구 우치로 114,35.1776759736392,126.912408346823
광주용봉지구점,광주광역시 북구 용봉택지로 39,35.1789241922183,126.890896630043
전남대중앙점,광주광역시 북구 우치로90번길 11,35.175631187556,126.913329933067
광주하남점,광주광역시 광산구 용아로 400,35.1789749611212,126.805085932822
광주동천점,광주광역시 서구 하남대로 668,35.1716150933618,126.86552801702
광주두암점,광주광역시 북구 갈마로 53 왼쪽,35.1620263196527,126.936367841583
광주하남콜럼버스점,광주광역시 광산구 사암로216번길 38-6,35.1630383708275,126.810264625353
이마트광주점,광주광역시 서구 죽봉대로 61 이마트광주점,35.1588148157408,126.882052488243
광주518공원점,광주광역시 서구 상무민주로 90,35.1585593587757,126.859634904983
광주상무시청점,광주광역시 서구 치평로 106,35.1567171912036,126.847646591984
광주치평점,"광주광역시 서구 시청로 27,",35.1509214524007,126.850836268734
광주충장로입구점,광주광역시 동구 중앙로160번길 3,35.148170682778,126.913748639965
올리브영 광주 타운,광주광역시 동구 충장로 87-2,35.1480423153539,126.916954864484
광주황금점,광주광역시 동구 중앙로 160번길 31-12,35.1466984827744,126.916702182944
조선대점,광주광역시 동구 필문대로273번길 10,35.1463657233265,126.928599870606
광주상무역점,광주광역시 서구 상무중앙로 9,35.1477598158502,126.847915252819
광주선운지구점,광주광역시 광산구 어등대로 418,35.1487181502772,126.769145099402
광주화정점,광주광역시 서구 월드컵4강로 60 및,35.1423781143289,126.875092102544
광주송정역점,광주광역시 광산구 상무대로 207,35.1380808187937,126.791559452407
롯데아울렛광주월드컵점,광주광역시 서구 금화로 240 롯데아울렛광주월드컵점,35.1336460778946,126.874829928048
광주금호지구점,광주광역시 서구 금화로 90,35.1319351440065,126.858552802613
광주풍암점,광주광역시 서구 풍암2로 2 롯데슈퍼 풍암점,35.1271907720968,126.879079781001
광주봉선점,광주광역시 남구 봉선로 168,35.1228180748073,126.913660839041
광주진월점,광주광역시 남구 서문대로 687,35.1207057966539,126.898511777446
광주효천지구점,광주광역시 남구 효천2로가길 15,35.1015345242444,126.874687643281
임학역점,인천광역시 계양구 장제로 867,37.544742198042,126.738064576844
계양구청점,인천광역시 계양구 계산새로 93 밀레니엄프라자,37.5381621994534,126.738504994287
계양점,인천광역시 계양구 오조산로 3,37.5311948812139,126.73781961604
계산역점,인천광역시 계양구 경명대로 1077 로얄프라자,37.5436449865,126.72666531411
부평삼산점,인천광역시 부평구 체육관로 14 삼성메디플러스 106~107호,37.508381141658,126.73309338626
롯데마트삼산점,인천광역시 부평구 길주로 623 롯데마트삼산점 내,37.5078930616166,126.732015799254
인천갈산점,인천광역시 부평구 주부토로249번길 17 119~121호,37.5169366783121,126.726237341535
작전점,인천광역시 계양구 계양대로 65,37.5296522274786,126.721998128249
홈플러스작전점,인천광역시 계양구 계양대로 27 홈플러스작전점,37.5261776724309,126.721258150569
검단아라점,인천광역시 서구 이음대로 479 CS메디컬프라자,37.5848984626559,126.71286820468
인천검단센트럴점,"인천광역시 서구 이음대로 388 검단에이비엠타워 101,",37.5931091949156,126.712688895957
부평북부점,인천광역시 부평구 경원대로 1401,37.4915658420286,126.724862910559
올리브영 부평 타운,인천광역시 부평구 부평문화로66번길 5,37.493789926165,126.723800847178
부평역점,인천광역시 부평구 광장로 16 부평역 지하상가 35~38호 올리브영,37.4895676659869,126.72335064425
부평점,인천광역시 부평구 부평대로 15,37.4927642951031,126.722677911174
부평역남부점,"인천광역시 부평구 경인로 947, 104~106호",37.4878475531378,126.724931048497
만수향촌점,인천광역시 남동구 만수서로 62,37.4614272138695,126.733058385668
부평그랑힐스점,인천광역시 부평구 산청로 97 e편한세상 부평그랑힐스 단지내~511호,37.5190073416627,126.700963642402
인천만수점,인천광역시 남동구 장승남로 48,37.4431574532701,126.737621529259
인천원당점,인천광역시 서구 원당대로 854,37.5933966517775,126.69633041192
인천서창점,"인천광역시 남동구 서창남로 51 노블시티,",37.4239169123781,126.749830761387
인천모래내점,"인천광역시 남동구 구월로 274 103,104호",37.455595862801,126.720921972398
동암역점,인천광역시 부평구 동암광장로4번길 3,37.4708398919498,126.70193734187
인천서구청점,인천광역시 서구 탁옥로 57,37.5440510535383,126.676168992826
인천길병원점,인천광역시 남동구 구월남로 174,37.4527798408661,126.709076156252
인천검암점,인천광역시 서구 승학로 491,37.5654870332164,126.674033856661
검단신도시점,인천광역시 서구 완정로 14,37.59484829699,126.672496532658
인천가좌점,인천광역시 서구 원적로 103,37.49565680779,126.682695544028
인천루원시티점,인천광역시 서구 가정로 406 루원지웰시티푸르지오 A동 129~131호,37.5214629875846,126.673952289268
구월아시아드점,인천광역시 남동구 인하로 556 시티타워,37.4425941818563,126.708491369017
간석역점,인천광역시 남동구 석산로 17,37.4635059459118,126.695326036347
인천신현점,인천광역시 서구 가정로 370,37.5177981355758,126.673188979479
트레이더스구월점,인천광역시 남동구 매소홀로 749 매소홀로 759 트레이더스구월점,37.4391713886416,126.705644111401
홈플러스간석점,인천광역시 남동구 경원대로 971 홈플러스간석점,37.4695876807099,126.689107821779
인천구월로데오점,인천광역시 남동구 인하로 497-8,37.443568918139,126.702068268596
올리브영 구월 타운,"인천광역시 남동구 예술로 126 LINK126,",37.4451295490218,126.700886698924
인천석남점,인천광역시 서구 가정로 201-1,37.5029030000409,126.671801681578
인천터미널역점,인천광역시 미추홀구 예술로 지하 85 지하1층,37.4419049500121,126.699690868667
주안역점,인천광역시 미추홀구 염창로 58 아이존쇼핑몰 A동 지하1층,37.4655418072149,126.680464905391
검단사거리점,인천광역시 서구 검단로 480,37.6018003288816,126.657612083112
홈플러스인천논현점,인천광역시 남동구 청능대로 596,37.4006213554988,126.725648527084
청라커낼에비뉴점,"인천광역시 서구 청라에메랄드로 79 커낼에비뉴 A16,17,18호",37.5323137588511,126.655684541211
인천시민공원역점,"인천광역시 미추홀구 경인로 372 1091,1092,1093호",37.4580182017435,126.681163207516
인천라피에스타점,인천광역시 남동구 논고개로 61 라피에스타,37.3975373516636,126.727520375664
인천논현역점,인천광역시 남동구 청능대로 575 튜브567 126~128호,37.4011109006904,126.722683861291
인천청라점,인천광역시 서구 중봉대로586번길 22,37.530804303959,126.651349449913
청라타워돔점,인천광역시 서구 중봉대로612번길 10-17 청라타워돔,37.5338579775541,126.650866607996
홈플러스인천청라점,인천광역시 서구 중봉대로 587 홈플러스인천청라점 지하2층,37.532269200858,126.648753472842
인천앨리웨이점,인천광역시 미추홀구 숙골로87번길 5 더샵인천스카이타워 2단지 204동 1-42호~45호,37.4694745961039,126.663261879268
청라스퀘어세븐점,"인천광역시 서구 청라루비로 76 스퀘어세븐 B117호, B118호, B119호",37.5322840014817,126.642099544013
인하대점,인천광역시 미추홀구 인하로 81,37.4512309682117,126.657331812016
청라시티점,인천광역시 서구 청라한내로100번길 24 쓰리엠파크 2차 111~113호,37.5338281907037,126.630217094259
인천스퀘어원점,인천광역시 연수구 청능대로 210 스퀘어원,37.4059981630337,126.683622060373
연수구청점,"인천광역시 연수구 먼우금로 190 연수프라자,",37.4140534833766,126.676714690653
홈플러스인하점,인천광역시 미추홀구 소성로 6 홈플러스인하점,37.4472348588633,126.650883177732
인천연수점,인천광역시 연수구 앵고개로 250 103~107호,37.4081836019612,126.671505201962
인천신포점,인천광역시 중구 개항로 32-1,37.4716827187967,126.626257773779
송도점,"인천광역시 연수구 해돋이로120번길 23 102,3호 송도동",37.3942282322686,126.650797270513
송도글로벌점,인천광역시 연수구 송도과학로16번길 33-4 송도트리플스트리트 D동 125-15호,37.3786608661181,126.662841516858
송도트리플스트리트점,"인천광역시 연수구 송도과학로16번길 33-2 송도트리플스트리트 B동 121,122,125호",37.3804450761613,126.660231759735
현대프리미엄아울렛송도점,인천광역시 연수구 송도국제대로 123 지하,37.3816291013573,126.657917047216
홈플러스송도점,인천광역시 연수구 송도국제대로 165,37.3802255186684,126.656372166201
송도센트럴파크점,인천광역시 연수구 해돋이로171번길 11 105~108호,37.3937611252816,126.64462119093
송도랜드마크시티점,"인천광역시 연수구 랜드마크로 68 84,",37.4151172407027,126.618222141856
송도삼성바이오로직스점,인천광역시 연수구 송도바이오대로 300,37.3679568412758,126.660360107589
송도인천대입구역점,인천광역시 연수구 벤처로 10,37.3824843702962,126.636861446948
영종하늘도시점,인천광역시 중구 하늘중앙로195번길 20 마지프라자 103~105호,37.4892212878869,126.561390650578
영종하늘달빛로점,"인천광역시 중구 하늘중앙로225번길 4 영종에스타워,",37.4878341959336,126.557981659982
운서역점,인천광역시 중구 신도시남로142번길 6 메가스타영종 113~115,37.4934207705586,126.491489796733
운서점,인천광역시 중구 흰바위로59번길 8,37.4922607367481,126.492411887322
인천강화점,인천광역시 강화군 강화읍 강화대로 414,37.7468022687553,126.485759314423
인천공항제2여객터미널점,인천광역시 중구 제2터미널대로 446 인천국제공항 제2여객터미널 지하1층 올리브영,37.4692488244219,126.43320918812
인천공항제1여객터미널점,인천광역시 중구 공항로 272 지하 중앙 올리브영,37.458350712273,126.427699293474
인천인스파이어점,인천광역시 중구 공항문화로 127 인스파이어 리조트,37.4655300794822,126.389117686755
군산조촌점,전북특별자치도 군산시 궁포1로 24-9,35.9761485521342,126.740538534391
원광대점,전북특별자치도 익산시 동서로19길 84,35.9614392645541,126.958253833218
익산부송점,전북특별자치도 익산시 무왕로 1195,35.9599097693551,126.989015101641
익산영등점,전북특별자치도 익산시 무왕로 1072-1,35.9582451546551,126.975899332509
전북완주점,전북특별자치도 완주군 봉동읍 과학로 1025,35.9600998629285,127.127232275098
익산모현점,전북특별자치도 익산시 선화로3길 31-11,35.9517704736904,126.939048351723
군산수송점,전북특별자치도 군산시 월명로 248,35.9660956968896,126.71612301438
군산신송사거리점,전북특별자치도 군산시 수송로 192,35.963670524867,126.716488547056
군산나운점,전북특별자치도 군산시 나운2길 38,35.9645331776413,126.70361547097
익산고현로점,전북특별자치도 익산시 고현로 91,35.9452234872313,126.943068629897
익산인화점,전북특별자치도 익산시 서동로 25,35.9297613610118,126.956306695815
군산대점,전북특별자치도 군산시 황룡로 12,35.9452076582397,126.686815989057
전주에코시티점,전북특별자치도 전주시 덕진구 세병남로 37,35.8730619720252,127.127660141797
전주송천동2가점,전북특별자치도 전주시 덕진구 동부대로 1145,35.8693950903977,127.121801561636
전주송천점,전북특별자치도 전주시 덕진구 솔내로 152,35.8637639678676,127.127196152561
전북대금암점,전북특별자치도 전주시 덕진구 권삼득로 297 올리브영 전북대금암점,35.8428603455876,127.128804304676
전북대점,전북특별자치도 전주시 덕진구 명륜4길 6,35.8424519397314,127.126472079445
전주혁신도시점,전북특별자치도 전주시 덕진구 기지로 77 대방디엠시티 A132~145 올리브영,35.8388252540802,127.059182062214
전주안골사거리점,전북특별자치도 전주시 덕진구 안덕원로 257,35.8369043349767,127.15516739094
전주터미널점,전북특별자치도 전주시 덕진구 가리내로 31,35.8339939752074,127.132680408779
전주인후점,전북특별자치도 전주시 덕진구 건산로 248-1,35.8346098350107,127.164444764343
전주서신동점,전북특별자치도 전주시 완산구 당산로 102,35.8319579160357,127.119656217497
전주객사점,전북특별자치도 전주시 완산구 전주객사4길 40,35.8194804955191,127.143853591459
전주서부효자점,전북특별자치도 전주시 완산구 바우배기2길 11-4,35.8171237271182,127.103328584091
올리브영 전주 타운,전북특별자치도 전주시 완산구 전주객사5길 21-19,35.8189219842124,127.144829683989
전주서부신시가지점,"전북특별자치도 전주시 완산구 홍산중앙로 41 104,105호 올리브영 전주서부신시가지점",35.8173055130178,127.108741935631
전주중화산점,전북특별자치도 전주시 완산구 백제대로 264,35.8167621759534,127.123364219307
전주서부센터점,전북특별자치도 전주시 완산구 홍산남로 48,35.8154891657506,127.106974225122
홈플러스전주효자점,전북특별자치도 전주시 완산구 용머리로 31 홈플러스,35.8065975609313,127.114252579284
전주효자동점,전북특별자치도 전주시 완산구 용머리로 54,35.8062918155497,127.116265556916
전북김제점,전북특별자치도 김제시 동서로 240,35.8029109812629,126.893644273354
전주삼천점,전북특별자치도 전주시 완산구 용리로 46 올리브영 전주삼천점(삼천동1가),35.798309889339,127.11512208807
전주평화점,전북특별자치도 전주시 완산구 모악로 4680 아이마마빌딩,35.7872548979628,127.130720494209
전북부안점,전북특별자치도 부안군 부안읍 번영로 145,35.7263415122273,126.736426927205
정읍수성점,전북특별자치도 정읍시 중앙로 129,35.5667370066759,126.852872974239
정읍상동점,전북특별자치도 정읍시 충정로 58,35.5591269305016,126.869918979634
전북고창점,전북특별자치도 고창군 고창읍 중앙로 236,35.4349278358459,126.701197461474
남원도통점,전북특별자치도 남원시 용성로 232 오른쪽,35.4178393328696,127.397209580595
남원하정점,전북특별자치도 남원시 남문로 447,35.4067012488446,127.380551174435
제주함덕점,제주특별자치도 제주시 조천읍 조함해안로 522 외 1필지,33.5424884822858,126.668620085566
제주세화점,제주특별자치도 제주시 구좌읍 일주동로 3113,33.5232458500246,126.852454106428
제주삼화점,제주특별자치도 제주시 건주로 60,33.5140393705702,126.580363633047
제주탑동점,제주특별자치도 제주시 탑동로 15-1,33.5170248751898,126.523031926234
제주용담점,제주특별자치도 제주시 서해안로 620,33.5168551200172,126.503149072487
제주동문시장점,제주특별자치도 제주시 관덕로 62-1,33.5128700923869,126.525948168862
제주일도이동점,제주특별자치도 제주시 고마로 81,33.5070302181742,126.540716401931
제주국제공항점,제주특별자치도 제주시 공항로 2 제주국제공항,33.5059364682672,126.495951277797
올리브영 제주 타운,제주특별자치도 제주시 광양11길 2,33.4989149503494,126.530698234665
제주이도점,제주특별자치도 제주시 승천로 75,33.4922384009257,126.543176897454
제주연동점,제주특별자치도 제주시 신광로 21,33.4901334899759,126.490334640812
제주한라병원점,제주특별자치도 제주시 도령로 73 연동 펠리체,33.4901161837273,126.485948322561
제주아라일동점,제주특별자치도 제주시 연북로 527,33.4851989356373,126.536163681745
제주월랑로점,제주특별자치도 제주시 월랑로 43,33.4891347222497,126.475430281241
제주제원점,제주특별자치도 제주시 신광로 57,33.4870397681794,126.49024720861
제주연동신라점,제주특별자치도 제주시 노연로 49,33.4861999348151,126.485577867386
제주나인몰점,"제주특별자치도 제주시 과원로 128 119,119-1,120호",33.4806950788032,126.494650091938
제주노형점,제주특별자치도 제주시 1100로 3308 에코트윈,33.4816322571847,126.481718642804
제주외도점,제주특별자치도 제주시 우정로 79,33.4855842955987,126.431112034906
제주하귀점,제주특별자치도 제주시 애월읍 하귀로 121,33.4842093466505,126.408648557804
제주한라대점,제주특별자치도 제주시 한라대학로 37,33.4782658840834,126.47541661026
제주대학병원점,"제주특별자치도 제주시 중앙로 616,",33.4687713436155,126.547021236972
제주협재점,제주특별자치도 제주시 한림읍 한림로 336 올리브영,33.3934132787812,126.24062602351
서귀포동광점,제주특별자치도 서귀포시 안덕면 신화역사로 434 435,33.3095758427774,126.333882880174
서귀포광장점,제주특별자치도 서귀포시 서문로 1,33.2522392497203,126.560754113588
제주서귀포점,"제주특별자치도 서귀포시 중정로61번길 4,2층",33.2481014840114,126.563107742108
서귀포혁신도시점,제주특별자치도 서귀포시 일주동로 9155,33.2477134455031,126.514578681489
제주중문점,제주특별자치도 서귀포시 중문관광로110번길 32 올리브영 제주중문점,33.2511965704814,126.412639076353
전남영광점,전라남도 영광군 영광읍 중앙로 167,35.2738486987553,126.511765879729
전남화순점,전라남도 화순군 화순읍 쌍충로 66 하이마트 내,35.0577918260579,126.981980059148
전남나주점,전라남도 나주시 중앙로 41,35.0331482356267,126.718658875871
나주빛가람동점,전라남도 나주시 빛가람로 838 주6동,35.0213160649876,126.803395844867
나주혁신도시점,전라남도 나주시 빛가람로 676 씨티원빌딩 105~106호,35.0207979229337,126.785547468978
전남무안점,전라남도 무안군 무안읍 불무로 16,34.9867112037315,126.47460645608
순천용당점,전라남도 순천시 강변로 963,34.9711154773951,127.48768022586
순천호수공원점,전라남도 순천시 왕지2길 25-12 1~2층,34.9673949510181,127.522236325931
순천중앙점,전라남도 순천시 황금1길 16,34.9546473963656,127.485001526605
광양LF스퀘어점,전라남도 광양시 광양읍 순광로 466,34.9625155748762,127.565425861327
순천조례중앙점,전라남도 순천시 이수로 321,34.9540688648716,127.51898790992
순천연향점,전라남도 순천시 연향번영길 141,34.9527545360827,127.518256080312
순천왕조점,전라남도 순천시 왕궁길 3,34.953879686638,127.53253949382
순천오천지구점,전라남도 순천시 오천6길 20,34.9335984308215,127.494353971915
순천신대지구점,전라남도 순천시 해룡면 향매로 79,34.9340374153837,127.548156471569
광양중마점,전라남도 광양시 공영로 67,34.9361030014933,127.696592148737
홈플러스광양점,전라남도 광양시 항만11로 70 홈플러스광양점,34.9285053189819,127.694140701816
남악전남도청점,전라남도 무안군 삼향읍 남악3로82번길 15,34.8131395139559,126.462089373874
남악신도시점,전라남도 무안군 삼향읍 남악3로 79,34.812604077232,126.459768302206
목포용해점,전라남도 목포시 포미로 11,34.816973946728,126.397531338722
목포터미널점,전라남도 목포시 영산로 525,34.8132592021705,126.417108462653
롯데아울렛남악점,전라남도 무안군 삼향읍 남악로162번길 80 롯데아울렛남악점,34.8036160875165,126.464690943532
목포옥암점,"전라남도 목포시 옥암로 95,,,",34.8073352920005,126.425441791834
목포하당점,전라남도 목포시 비파로51번길 13,34.8024315036477,126.425401292526
목포북항점,전라남도 목포시 원산중앙로 7,34.8071030573193,126.373890158892
목포평화광장점,전라남도 목포시 원형로 34,34.7984521001534,126.432643613993
목포역점,전라남도 목포시 영산로75번길 29 올리브영,34.7916869131066,126.383753996362
여수여천점,전라남도 여수시 망마로 47,34.7593768631208,127.667980763523
여수여서점,전라남도 여수시 여서1로 75 올리브영 여수여서점,34.7536253339096,127.705490880192
여수웅천점,전라남도 여수시 신월로 96,34.7491231911347,127.678933476044
여수웅천마리나점,전라남도 여수시 예울마루로 35-14,34.7464673214933,127.67151792586
여수교동점,전라남도 여수시 진남상가길 45-1,34.7409408614545,127.731979635333
전남고흥점,전라남도 고흥군 고흥읍 고흥로 1739-2,34.6075815877761,127.284686187571
전남해남점,전라남도 해남군 해남읍 중앙1로 95,34.5711740491932,126.60195178105
고양향동점,"경기도 고양시 덕양구 꽃마을로 4 퍼스트타워 101, 102,",37.5989399402577,126.892204900814
올리브영 스타필드고양 타운,경기도 고양시 덕양구 고양대로 1955,37.6469771187284,126.89477806511
삼송역점,경기도 고양시 덕양구 동송로 69,37.6526294015109,126.895247283428
고양원흥점,경기도 고양시 덕양구 도래울로 110,37.6349176184565,126.87248119492
롯데아울렛고양점,경기도 고양시 덕양구 권율대로 420 롯데아울렛고양점 P1층,37.6295889786577,126.863123845458
원흥역점,"경기도 고양시 덕양구 권율대로 668 티오피클래식 101,102,107,108호",37.6494508435928,126.873902486097
구리갈매점,경기도 구리시 산마루로 24,37.6311282436982,127.116553532519
구리수택점,경기도 구리시 이문안로 70,37.5921482697557,127.138993436449
고양삼송점,경기도 고양시 덕양구 권율대로 893 파스텔시티,37.6636815477151,126.889889821024
구리토평점,경기도 구리시 장자대로86번길 14-4,37.5871046124826,127.139828913942
광명철산점,경기도 광명시 철산로 24 101,37.4759973926928,126.869002517676
철산역점,경기도 광명시 오리로856번길 7,37.4752313426636,126.8676978756
행신역점,경기도 고양시 덕양구 소원로 107 102~107호,37.613142195808,126.834959799578
구리수택사거리점,경기도 구리시 검배로 36,37.5979926540254,127.143051422034
구리인창점,경기도 구리시 건원대로 42,37.6048289049432,127.140358223808
구리역점,경기도 구리시 경춘로 247 에이비씨마트빌딩,37.6019445192556,127.142428561116
구리역사점,경기도 구리시 건원대로34번길 32-29 올리브영,37.603333764096,127.143610890921
광명하안점,"경기도 광명시 범안로 1046 서울스타빌딩 102,103호",37.4620332218274,126.879370924841
고양행신점,경기도 고양시 덕양구 중앙로 560,37.6240554066051,126.835350722488
별내미리내마을점,경기도 남양주시 별내5로5번길 15,37.6504112219489,127.112441916328
광명사거리역점,경기도 광명시 광명로 899,37.4792188423718,126.853998592249
과천점,경기도 과천시 별양상가1로 25,37.4282781281805,126.992542985358
남양주별내점,경기도 남양주시 별내중앙로 84 3904동 22-1~2호,37.6502017669399,127.12062693585
부천고강점,경기도 부천시 오정구 역곡로 482 유하메디빌딩,37.5276171449524,126.816370219573
화정로데오점,경기도 고양시 덕양구 화신로260번길 33,37.632314138828,126.832490404258
화정역점,경기도 고양시 덕양구 화신로272번길 67 장군빌딩,37.6338450310753,126.831561485308
광명소하점,경기도 광명시 금하로 464 메이저리치안 제113~115호,37.4484546823205,126.884040346294
현대프리미엄아울렛스페이스원점,경기도 남양주시 다산순환로 50 아울렛,37.616257926116,127.152429100255
남양주도농점,"경기도 남양주시 도농로 29 부영프라자,110호",37.6084261125277,127.156810748408
원당역점,경기도 고양시 덕양구 고양대로 1415,37.6537831910422,126.841400997902
남양주다산중앙점,경기도 남양주시 다산중앙로 132,37.6255542396617,127.15331636875
별내별가람역점,경기도 남양주시 덕송2로 62 101~103호,37.6679338052348,127.117225276267
부천원종점,경기도 부천시 오정구 소사로 754,37.5232748154201,126.80520630345
하남감일점,경기도 하남시 신우실로 61 푸리마타워~117호,37.5099632923297,127.161801802566
고양원당점,경기도 고양시 덕양구 호국로789번길 6,37.6569880283436,126.836096021601
과천정보타운역점,경기도 과천시 과천대로7길 12,37.4136500147738,126.980674633537
위례센터점,경기도 성남시 수정구 위례광장로 104,37.4730513390026,127.141262948182
스타필드시티위례점,경기도 하남시 위례대로 200 스타필드시티위례점,37.4801356884837,127.148404124838
다산지금점,경기도 남양주시 다산지금로 129 올리브영,37.6014178309668,127.174422738077
하남미사점,경기도 하남시 미사강변대로 222 미사 중앙프라자,37.5695152190234,127.184221819104
역곡역점,경기도 부천시 원미구 부일로 729,37.4858436325082,126.810775010874
남위례역점,경기도 성남시 수정구 위례서일로 46,37.463903364606,127.1405219714
성남위례점,"경기도 성남시 수정구 위례동로 147 102~103호(창곡동, 위례건아타워)",37.4730826015455,127.150107505241
안양동편점,경기도 안양시 동안구 동편로 6 스마트프라자 108~109호,37.4055727613339,126.971471709507
역곡역남부점,경기도 부천시 소사구 경인로 499,37.484187674093,126.810832893504
부천오정점,"경기도 부천시 오정로 250(오정동, 신오빌딩)",37.5295536950046,126.786536209765
미사강변점,경기도 하남시 미사강변대로 70,37.5561555154357,127.187437480081
부천옥길점,"경기도 부천시 소사구 옥길로 124 옥길동 745-5,6, 101,",37.4675072056339,126.823403211191
현대프리미엄아울렛김포점,경기도 김포시 고촌읍 아라육로152번길 100,37.5972368549658,126.785233626536
롯데몰광명점,경기도 광명시 일직로 17,37.4243110028905,126.882779952497
가천대점,경기도 성남시 수정구 성남대로 1342 가천대학교 비전타워 지하3층 B304-3,37.4512348695085,127.12939432624
안양관양점,경기도 안양시 동안구 관악대로 342,37.4033655122299,126.960722401943
인덕원역점,"경기도 안양시 동안구 흥안대로 524,",37.4007473524975,126.977338867378
하남미사역점,"경기도 하남시 미사강변동로 95 망월동1100 그랑파사쥬 1081,1086호",37.5637312032917,127.191741670397
AK광명점,경기도 광명시 양지로 17 AK광명점,37.4186807426269,126.882889721167
평촌역사거리점,경기도 안양시 동안구 시민대로 317 대한스마트타워,37.3962567349473,126.965371069042
의왕포일점,"경기도 의왕시 포일세거리로 10 제101호,",37.3959892723276,126.985614235037
회룡역점,경기도 의정부시 외미로 99,37.7246899970054,127.046634971546
태평역점,경기도 성남시 수정구 수정로 80 제1층 제101호,37.4399416526417,127.12955838929
광명아브뉴프랑점,"경기도 광명시 양지로 16 B2층,13,14,15,23,24호(일직동)",37.4171034624346,126.880947375247
안양비산점,경기도 안양시 동안구 관악대로 103 에비뉴,37.3991169926785,126.935428914191
스타필드시티부천점,경기도 부천시 소사구 옥길로 1 스타필드시티부천,37.4615202479021,126.813940279533
안양엔터식스점,경기도 안양시 만안구 만안로 232 엔터식스,37.4014349994721,126.92300270344
의정부장암점,"경기도 의정부시 회룡로 178 발곡프라자,,",37.7263880453119,127.053456533266
일산벨라시타점,경기도 고양시 일산동구 강송로 33,37.6440712087641,126.792801047835
안양일번가지하상가점,경기도 안양시 만안구 만안로 지하 231 D20호,37.4007941732306,126.921736959009
안양사거리점,경기도 안양시 만안구 안양로 303,37.3987966098124,126.920790701382
안양1번가점,경기도 안양시 만안구 안양로292번길 5,37.3986869641676,126.922160518921
성남수정점,경기도 성남시 수정구 수정로 185,37.4437875099663,127.140471799251
김포고촌점,경기도 김포시 고촌읍 김포대로 340~103호,37.6012863314974,126.770804059327
하남신장점,경기도 하남시 신장로 127-1,37.5380564626906,127.203960720046
모란시장점,경기도 성남시 중원구 성남대로 1129,37.4305257186745,127.128864589168
모란중앙점,경기도 성남시 중원구 성남대로 1144 창원빌딩,37.4318475450778,127.129573588389
올리브영 범계 타운,경기도 안양시 동안구 평촌대로223번길 41,37.3904893677603,126.953511412613
성남은행점,경기도 성남시 중원구 산성대로 532,37.4581244810674,127.16477849662
뉴코아아울렛평촌점,경기도 안양시 동안구 동안로 119 뉴코아아울렛평촌점 B2F,37.3892103451392,126.951223253535
신흥역점,경기도 성남시 수정구 산성대로 257-1,37.4406362202245,127.145602894356
부천신중동점,경기도 부천시 원미구 신흥로 201,37.5016234571217,126.776081243381
백석역점,경기도 고양시 일산동구 중앙로 1066,37.6447853733325,126.786360757963
일산식사점,경기도 고양시 일산동구 위시티2로11번길 45,37.6787931966924,126.812636886841
부천역사거리점,경기도 부천시 원미구 부천로 19 부천빌딩,37.4861085952104,126.782886903608
일산풍동점,경기도 고양시 일산동구 숲속마을로 26,37.6673221965833,126.800380835194
부천중동점,경기도 부천시 원미구 길주로 267,37.5040260875192,126.772504435759
부천역사점,경기도 부천시 소사구 부천로 1 지하144호,37.4840382748897,126.782648899659
남양주청학점,"경기도 남양주시 별내면 청학로중앙길 9,,",37.708694898309,127.118396973995
부천북부점,경기도 부천시 원미구 부천로9번길 28,37.4855860158837,126.781374665844
평촌점,경기도 안양시 동안구 평촌대로 132,37.3841364841639,126.960330568239
의정부역점,경기도 의정부시 시민로 75,37.7386344761102,127.043635887687
일산백마점,경기도 고양시 일산동구 일산로 232,37.6570779577576,126.788937960264
부천역남부점,경기도 부천시 경인로 226(심곡본동),37.48294406366,126.780586169562
단대오거리역점,경기도 성남시 중원구 산성대로372번길 13,37.4451312905814,127.15855654281
남양주덕소점,경기도 남양주시 와부읍 덕소로97번길 3,37.5860038392964,127.212630253541
의정부중앙로점,경기도 의정부시 행복로 12,37.7398091915394,127.048838530806
의정부대로점,경기도 의정부시 평화로 552,37.7412856836927,127.047332242022
의정부용현점,경기도 의정부시 오목로 2,37.7313370667489,127.084062026658
부천시청사거리점,경기도 부천시 원미구 길주로 189 102-1호,37.5051872524513,126.763578221581
부천시청역점,경기도 부천시 석천로 180 강림프라자,37.503388305908,126.763171891094
마두역점,경기도 고양시 일산동구 중앙로 1182,37.6526112183526,126.778116148539
서판교점,경기도 성남시 분당구 운중로 120,37.3913986700149,127.076346399754
현대백화점중동점,경기도 부천시 원미구 길주로 180 현대백화점중동점 유플렉스 지하1층,37.5043163132049,126.76208267382
야탑광장점,경기도 성남시 분당구 성남대로925번길 11 현대에이엔씨플라자,37.4120426888152,127.127290038031
판교유스페이스점,경기도 성남시 분당구 대왕판교로 660 유스페이스 1B동,37.4004659332759,127.106812648944
스타필드하남점,경기도 하남시 미사대로 750 올리브영,37.5454041231797,127.223940331575
롯데프리미엄아울렛의왕점,경기도 의왕시 바라산로 1 롯데프리미엄아울렛의왕점,37.3758168645238,127.010277326166
분당야탑점,경기도 성남시 분당구 성남대로926번길 6 대덕프라자,37.4121837084373,127.129849213472
뉴코아부천점,경기도 부천시 원미구 송내대로 239,37.5041446553817,126.756721807955
부천상동점,경기도 부천시 원미구 길주로 105 드림모아,37.5064196746015,126.754147529802
웨스턴돔중앙점,경기도 고양시 일산동구 정발산로 24,37.6558964094856,126.772038816453
분당아름마을점,경기도 성남시 분당구 판교로 440,37.405135690331,127.122651825079
시흥은계점,경기도 시흥시 은계번영길 13,37.437350722013,126.802582652464
정발산로점,경기도 고양시 일산동구 정발산로 23 호수빌딩,37.656721203283,126.771312817316
판교도서관점,경기도 성남시 분당구 판교공원로2길 9 하진빌딩,37.3899117255206,127.090856982597
안양호계점,경기도 안양시 동안구 경수대로 555 101~103호,37.3720896406336,126.957330231342
부천상동사거리점,"경기도 부천시 원미구 상동로 87 가나베스트타운 쓰리 110,111호",37.5051751903525,126.752412968332
AK금정점,경기도 군포시 엘에스로 143 ak금정점,37.3728500250826,126.944923276711
판교아브뉴프랑점,경기도 성남시 분당구 동판교로177번길 25,37.3973207561987,127.11356226927
라페스타점,경기도 고양시 일산동구 중앙로1275번길 38-31 라페스타 A동,37.6604801594353,126.76958815484
시흥대야점,경기도 시흥시 비둘기공원7길 52,37.4418169297082,126.791494707847
금정역점,경기도 군포시 군포로 739-1,37.3712514449458,126.943061547615
판교카카오점,경기도 성남시 분당구 판교역로 166 판교카카오아지트,37.3952969470752,127.110449292622
라페스타사거리점,경기도 고양시 일산동구 무궁화로 34 남정씨티프라자Ⅱ,37.6626099168379,126.768357320811
송내로데오점,경기도 부천시 원미구 상일로94번길 34,37.4900676994366,126.752502982248
의정부금오점,"경기도 의정부시 청사로 41 금오 삼성프라자103~4호, 202~3호",37.7519528392628,127.069726375231
송내남부역점,경기도 부천시 소사구 송내대로 35,37.4867233340205,126.752841351461
홈플러스의정부점,"경기도 의정부시 청사로 38,",37.7521637153577,127.071001320782
의정부민락점,경기도 의정부시 천보로 56 해동2타워 112~115호,37.7448483962059,127.095272059147
시흥신천점,경기도 시흥시 수인로 3372,37.4411292489516,126.784348865787
산본학원가점,경기도 군포시 산본로 382 진달래각 102-1호,37.3643683855692,126.930374328045
주엽역점,"경기도 고양시 일산서구 중앙로 1416 한사랑빌딩 101-1호, 101-2호,",37.6698074836145,126.762964591288
일산후곡점,경기도 고양시 일산서구 일산로 541 수신빌딩,37.6774361990436,126.767698078209
일산주엽점,경기도 고양시 일산서구 중앙로 1425 삼부르네상스 올리브영,37.6694698446341,126.761379614122
김포풍무역점,경기도 김포시 김포대로 709 퍼스트블루 올리브영,37.6122316162753,126.73184899009
분당서현로점,경기도 성남시 분당구 황새울로359번길 11,37.3879961578051,127.123290471978
시흥목감점,경기도 시흥시 목감둘레로 253-33,37.3812027371093,126.861353814845
일산역점,경기도 고양시 일산서구 고양대로 666 어반스카이 D-2동,37.6835547426274,126.769264328922
산본한숲점,경기도 군포시 산본천로 43-6,37.3606745715712,126.928174319158
고양원마운트점,경기도 고양시 일산서구 한류월드로 300,37.6645540981816,126.754526582068
서현중앙점,경기도 성남시 분당구 서현로210번길 20 코코프라자,37.3858574301594,127.12403697062
산본점,"경기도 군포시 산본로323번길 20-17, 산본동",37.3592649099277,126.931198537779
롯데피트인산본점,경기도 군포시 번영로 485,37.3578052964351,126.93066890189
분당서현점,경기도 성남시 분당구 분당로53번길 11 서원플라자,37.3840685060485,127.121552034556
수내역점,경기도 성남시 분당구 황새울로258번길 10-3,37.3802967463918,127.116432498528
김포풍무점,"경기도 김포시 풍무로 107 장호프라자,",37.6051645761543,126.721972494898
분당수내점,경기도 성남시 분당구 백현로101번길 16,37.3770099737962,127.112729564852
의정부엘스퀘어점,경기도 의정부시 용민로 493 엘스퀘어,37.7500161057265,127.118580219773
스타필드마켓일산점,경기도 고양시 일산서구 킨텍스로 171 스타필드마켓일산,37.6615831401235,126.744065435785
남양주오남점,경기도 남양주시 오남읍 진건오남로 593,37.6863683919615,127.210916229863
남양주평내점,경기도 남양주시 경춘로 1309,37.6506558363415,127.237604569198
김포사우점,경기도 김포시 김포대로 847,37.6196965776959,126.71964754503
남양주장현점,경기도 남양주시 장현로 77,37.7176159370173,127.180891133907
탄현제니스점,경기도 고양시 일산서구 일현로 97-11 일산위브더제니스스퀘어,37.6952127333096,126.76201157783
군포당동점,경기도 군포시 고산로 260,37.3466639589802,126.94386674794
대화역점,경기도 고양시 일산서구 중앙로 1581,37.6761450924147,126.746101404164
정자역점,경기도 성남시 분당구 성남대로331번길 7 정자동 스타빌딩,37.3654616232774,127.107204174051
남양주호평점,경기도 남양주시 호평로 33 두산위브파크,37.6563451750744,127.242953669856
남양주진접점,경기도 남양주시 진접읍 금강로 1475,37.7227804341153,127.189861841915
파주봉일천점,경기도 파주시 조리읍 봉천로 35-1,37.7435460619186,126.807637589536
파주야당역점,경기도 파주시 경의로 1066 야당중앙타워,37.7122942448468,126.759640419122
걸포북변역점,경기도 김포시 걸포2로 21 올리브영,37.6324950147702,126.704889026248
진접역점,경기도 남양주시 진접읍 해밀예당1로 232 지하 B101~105호,37.7205497378814,127.203931486971
분당미금역점,경기도 성남시 분당구 성남대로 165 천사의도시 오피스텔,37.3507566438221,127.108327602418
미금역사거리점,경기도 성남시 분당구 성남대로 168 미도프라자,37.3508873918775,127.109492449514
홈플러스김포점,경기도 김포시 중봉로 14 홈플러스김포점,37.6238474484456,126.698608499582
시흥능곡점,경기도 시흥시 승지로59번길 6 B109~B111호,37.3697188828238,126.809414069089
파주운정점,경기도 파주시 미래로 377 운정스퀘어,37.7117618969618,126.745866063619
양주고읍점,"경기도 양주시 고읍남로 24 105,106호",37.7944512769328,127.078930316816
수지동천점,경기도 용인시 수지구 손곡로 95,37.3359655264835,127.091809473099
용인동천역점,"경기도 용인시 수지구 신수로 767 A102-A103호(동천동, 분당수지유타워)",37.3382546359421,127.101361565907
의왕역점,경기도 의왕시 부곡중앙남1길 2,37.3207040020353,126.949934588329
시흥장곡점,경기도 시흥시 진말로9번길 11,37.3780858131894,126.784200946405
오리역점,경기도 성남시 분당구 성남대로 45,37.3400535228037,127.108397541913
남양주화도점,경기도 남양주시 화도읍 경춘로 1637,37.6543251867173,127.273023456165
광주오포점,경기도 광주시 신현로 113,37.3594578429612,127.159054077958
파주가람점,경기도 파주시 가람로 2 센터프라자,37.7331697098526,126.750699097394
김포라베니체점,경기도 김포시 김포한강4로 8 라베니체 마치에비뉴4차 212~214호,37.639493220203,126.678580887973
김포운양점,"경기도 김포시 김포한강11로 288-24 1동 제1층 제101호,102호,103호,",37.6542636144176,126.683344099338
파주금릉역점,경기도 파주시 금빛로 44-2,37.7522877327761,126.767609053287
수지중앙점,경기도 용인시 수지구 풍덕천로 119,37.3230649014559,127.094907152549
홈플러스파주운정점,경기도 파주시 청암로17번길 17 홈플러스,37.7294215154692,126.736860627485
파주초롱꽃마을점,경기도 파주시 청석로 115 반석프라자 111~113호,37.712691078582,126.720433135049
죽전중앙점,경기도 용인시 현암로 148,37.3315192281881,127.125788733021
양주덕계점,경기도 양주시 평화로 1417 리치마트,37.8174164060297,127.045149231821
스타필드마켓죽전점,경기도 용인시 수지구 포은대로 552,37.3253339926033,127.10997425459
안산월피공원점,경기도 안산시 상록구 예술광장로 31 파크프라자,37.3286198669416,126.847596285765
파주금촌점,경기도 파주시 문화로 109,37.763896224128,126.774242997683
광주태전점,경기도 광주시 태봉로13번길 3,37.3919246726351,127.231211335222
홈플러스북수원점,경기도 수원시 장안구 경수대로 930 홈플러스,37.302770156247,127.008801286183
파주다율점,경기도 파주시 해올2길 20 채움빌딩,37.7342983432289,126.73216978635
롯데몰수지점,경기도 용인시 수지구 성복2로 38,37.3127975899328,127.081666875865
김포한강로점,경기도 김포시 김포한강1로78번길 6-2,37.6446994118132,126.669953154238
용인죽전점,"경기도 용인시 기흥구 죽전로 39,,(보정동, 에스제이타워)",37.3207319680395,127.113128325009
수원장안구청사거리점,경기도 수원시 장안구 경수대로 920,37.3016402753526,127.009714430793
김포장기점,경기도 김포시 김포한강4로 119 승문프라자,37.644328270818,126.667760708322
경기광주점,경기도 광주시 중앙로 120,37.4103907677226,127.25821314817
파주교하점,경기도 파주시 청석로 260 트리플메디칼타워,37.7251029959277,126.717738448876
수원성대점,경기도 수원시 장안구 서부로 2128,37.2982521247949,126.971821440611
안산선부점,경기도 안산시 단원구 선부광장1로 69,37.3363277608799,126.8126023434
수원천천점,경기도 수원시 장안구 만석로19번길 29,37.2966088037977,126.983135345754
남양주마석점,경기도 남양주시 화도읍 맷돌로91번길 4-18,37.6581131618525,127.301516476818
경기광주터미널점,경기도 광주시 광주대로 31 GA타워 101~103호,37.4093522423759,127.260232570362
태전중앙로점,경기도 광주시 태전중앙2길 21,37.3823855188699,127.233204871768
수원정자점,경기도 수원시 장안구 대평로 80,37.2955519260015,126.993629573954
용인상현점,경기도 용인시 수지구 만현로 110,37.3066916421248,127.084860617792
수원경기대점,경기도 수원시 영통구 대학로 34,37.2992617297301,127.043643237333
양주옥정점,경기도 양주시 옥정로 200,37.8194417620682,127.092140955451
신세계프리미엄아울렛시흥점,경기도 시흥시 서해안로 699,37.3796755964231,126.736985310798
안산중앙역점,경기도 안산시 단원구 고잔2길 65,37.3176823563285,126.838581601634
안산중앙로데오점,경기도 안산시 단원구 고잔1길 33,37.3184619621995,126.837223761965
LF스퀘어양주점,경기도 양주시 평화로 1593 LF스퀘어양주점,37.8313923302011,127.052291874895
안산점,"경기도 안산시 단원구 고잔2길 41(고잔동, 신양복합빌딩)",37.317942945143,126.835643311386
상현역점,경기도 용인시 수지구 광교마을로 41,37.299023668925,127.069178869334
안산한대앞역점,경기도 안산시 상록구 중보로 51,37.3078116452125,126.852402783885
스타필드수원점,경기도 수원시 장안구 수성로 175 스타필드수원,37.2874453391147,126.991574559571
광교아브뉴프랑점,"경기도 수원시 영통구 센트럴타운로 85 A 105-1,2호(이의동)",37.2915676707273,127.050470929016
상록수역점,경기도 안산시 상록구 용신로 390 현대프라자,37.3013826079393,126.865507052778
안산고잔광장점,"경기도 안산시 단원구 광덕3로 167 신영프라자 제1층,,",37.3126932384923,126.83159443091
안산원곡점,경기도 안산시 단원구 화랑로 102 e편한세상초지역센트럴포레상가2동,37.3262158258929,126.800621604984
안산고잔점,경기도 안산시 단원구 광덕대로 168,37.3112892352202,126.830827660184
배곧신도시점,경기도 시흥시 배곧3로 96 M-플러스 128~129호,37.3698180111966,126.730011406139
용인연원마을점,경기도 용인시 기흥구 용구대로 2398 삼호벽산아파트 주상가,37.3003041075341,127.107284192734
양주덕정점,"경기도 양주시 회정로 135 주차빌딩,",37.8376897958679,127.068353902314
수원엘포트몰점,"경기도 수원시 영통구 광교중앙로 145 지상1층,,",37.2870876096225,127.057781422092
롯데몰광교점,경기도 수원시 영통구 도청로 10 B1층 올리브영,37.2866696524735,127.055448351197
동수원사거리점,경기도 수원시 팔달구 중부대로 143,37.278729742363,127.031864772552
아주대점,경기도 수원시 팔달구 아주로 43-1,37.2788300165179,127.043505712946
수원탑동점,경기도 수원시 권선구 금호로 224-1,37.2751061584984,126.974634671561
안산초지점,경기도 안산시 단원구 광덕1로 56,37.3082040678424,126.815783117523
용인구성점,"경기도 용인시 기흥구 구성로 103(언남동,멀티프라자)",37.2938955760042,127.120751436258
수원금곡점,"경기도 수원시 권선구 금곡로 219 리더스빌딩,",37.2750009452322,126.954079196941
포천송우리점,경기도 포천시 소흘읍 솔모루로 60-1,37.8274611115454,127.1453710762
아주대삼거리점,경기도 수원시 팔달구 중부대로 249,37.2752336689964,127.043331244671
수원호매실점,경기도 수원시 권선구 금곡로118번길 64,37.2716950559687,126.942213769218
김포구래점,경기도 김포시 김포한강9로76번길 21,37.6442344209298,126.626816486336
시화점,"경기도 시흥시 중심상가3길 15-1(정왕동, 명보프라자)",37.344595590619,126.736637894187
수원역점,경기도 수원시 팔달구 매산로 7-1 올리브영,37.2672133016372,127.002264506969
김포구래로데오점,경기도 김포시 김포한강4로 525,37.6457124723177,126.625421956042
수원중앙점,경기도 수원시 팔달구 향교로 5올리브영,37.2677807847017,127.001860346007
용인흥덕점,"경기도 용인시 기흥구 흥덕2로87번길 18 영덕동, 이씨티 C동",37.275912222227,127.071589469754
광교앨리웨이점,경기도 수원시 영통구 광교호수공원로 80,37.2730876685805,127.061262679777
수원AK역사점,경기도 수원시 팔달구 덕영대로 924 AK&몰,37.2655920786365,127.000179930083
수원AK타운중앙점,경기도 수원시 팔달구 덕영대로 924 AK & 지하1층,37.2655920786365,127.000179930083
수원매교점,경기도 수원시 팔달구 인계로 20 매교역푸르지오 SK VIEW 지하1층,37.2701758081618,127.018212598653
타임빌라스수원점,경기도 수원시 권선구 세화로 134 타임빌라스수원점,37.264162726921,126.997385539043
용인구갈점,경기도 용인시 기흥구 구갈로 64,37.2802006571346,127.111516509605
동수원점,경기도 수원시 팔달구 권광로 202,37.2653878784573,127.033712222065
수원인계점,"경기도 수원시 팔달구 권광로 187 대성프라자 1,2층",37.2642509299937,127.032471617692
홈플러스동수원점,경기도 수원시 팔달구 효원로 257,37.2627570803461,127.030130394758
수원호매실사거리점,경기도 수원시 권선구 호매실로90번길 76 115~117호,37.2587666287608,126.964341436964
수원시청역점,경기도 수원시 팔달구 권광로 138,37.2598765983303,127.031624380346
신세계프리미엄아울렛파주점,경기도 파주시 탄현면 필승로 200,37.769351232912,126.695385303664
수원매탄점,경기도 수원시 영통구 효원로 393,37.2591165009604,127.044694930826
AK기흥점,경기도 용인시 기흥구 기흥역로 63 기흥AK,37.274842769629,127.118778508807
송산그린시티점,경기도 화성시 꽃내음1길 19-6,37.2842181380217,126.818119694231
경기광주초월역점,경기도 광주시 초월읍 경충대로 1087,37.3741050698526,127.297341107422
강남대점,경기도 용인시 기흥구 강남로 3 강남앤플러스 116~118호,37.2710502529458,127.126132623815
포천중앙점,경기도 포천시 호국로 893,37.8462115363971,127.159667274121
수원권선점,"경기도 수원시 권선구 동수원로242번길 6 나눔프라자 B03,",37.2509430636025,127.035002586497
수원터미널점,경기도 수원시 권선구 덕영대로1201번길 20,37.2499921129489,127.022766380963
용인동백점,경기도 용인시 기흥구 동백5로 21-11,37.2773880023846,127.152601761409
수원영통역점,경기도 수원시 영통구 봉영로 1606 미네시티,37.2538686061108,127.074491002062
수원오목천점,경기도 수원시 권선구 매송고색로 537,37.2464691502855,126.963644036626
수원영통점,경기도 수원시 영통구 청명남로34번길 3 플래티넘빌딩,37.2527727228542,127.075962822518
에버랜드점,경기도 용인시 처인구 포곡읍 에버랜드로 199,37.294066695953,127.202128029885
망포역점,경기도 수원시 영통구 영통로 195,37.2451815599677,127.055799794469
용인기흥점,경기도 용인시 기흥구 용구대로 1859 세원빌딩 올리브영,37.254161010505,127.104611826288
수원망포사거리점,경기도 수원시 영통구 덕영대로 1470,37.245061076317,127.051036910265
용인보라점,경기도 용인시 기흥구 한보라2로 9~107호,37.2543813966503,127.110667862043
김포통진점,"경기도 김포시 통진읍 조강로 46-1, B1층",37.6902391149396,126.600570870127
수원망포점,경기도 수원시 영통구 영통로 127 센타프라자,37.2387654454251,127.055885561342
지행역점,경기도 동두천시 지행로 49,37.8926995361128,127.052804284894
화성반월점,경기도 화성시 영통로60번길 7 헤센IT타워,37.2368037326095,127.061953428367
파주문산점,경기도 파주시 문산읍 문향로 71 신성타워 1~2층,37.858356411959,126.785229925816
화성봉담2지구점,경기도 화성시 봉담읍 상리3길 188 올리브영,37.2244026273059,126.946768661128
화성봉담점,경기도 화성시 봉담읍 동화길 42,37.2189435754133,126.954193870358
용인포곡점,경기도 용인시 처인구 포곡읍 포곡로 121,37.270144902511,127.218389840599
수원대점,"경기도 화성시 봉담읍 와우안길 12,",37.2140582558295,126.979645911527
화성병점점,경기도 화성시 효행로 1059,37.2147435214063,127.042650168808
곤지암점,경기도 광주시 곤지암읍 곤지암로 45,37.3495904105196,127.341756162693
롯데프리미엄아울렛기흥점,경기도 용인시 기흥구 신고매로 124 롯데프리미엄아울렛 기흥점 지하1층,37.2255419641124,127.121283960956
동탄능동점,경기도 화성시 동탄지성로 191,37.21163421093,127.054639152402
스타필드마켓동탄점,경기도 화성시 동탄중앙로 376,37.2143761153834,127.079723267988
병점역점,경기도 화성시 떡전골로 104-1 B1~3층,37.2078214208225,127.033573269268
병점복합타운점,경기도 화성시 병점노을4로 17,37.2053777155844,127.03044292371
동탄센트럴파크점,경기도 화성시 동탄지성로 102,37.2080980179967,127.064201367126
홈플러스병점점,경기도 화성시 경기대로 985 올리브영,37.2037454737551,127.036753152508
동탄한빛점,경기도 화성시 동탄중심상가2길 37,37.2065292894991,127.07306482103
동탄디엠시티점,"경기도 화성시 동탄대로 636-14 대방디엠시티더센텀 103,104,105,113,114호",37.2102717882123,127.099442268872
동탄타임테라스점,경기도 화성시 동탄중앙로 220 타임테라스 A블록,37.2048484896364,127.069281504509
용인역북점,경기도 용인시 처인구 중부대로 1294,37.235473912519,127.188304185908
동탄영천점,"경기도 화성시 동탄순환대로 686 삼우메디타워 101,102호",37.2063215429194,127.111720652611
용인중앙점,경기도 용인시 처인구 금령로 86,37.2350859784862,127.205815188674
롯데백화점동탄점,경기도 화성시 동탄역로 160 롯데백화점 지하2층,37.200666359626,127.098203113972
동탄여울공원점,경기도 화성시 동탄오산로 29 동탄플레이스마당 101~103호,37.1993103412943,127.090189650458
포천신읍점,경기도 포천시 중앙로 121,37.8974277637138,127.202835772299
동탄솔빛점,경기도 화성시 동탄솔빛로 51,37.1936789086581,127.073116298351
동탄역점,경기도 화성시 동탄대로 495 풍산리치안 오피스텔 105~107호,37.1979517309026,127.098239696428
동탄청계점,"경기도 화성시 동탄대로시범길 134 판매시설 제1층,,(청계동, 시범 반도유보라 아이비파크4.0)",37.1990328379764,127.113063831502
화성남양점,"경기도 화성시 남양읍 시청로 6 훼밀리프라자 105,106호",37.2084041510997,126.81853454757
오산세교점,경기도 오산시 수청로 193 피앤피세교프라자,37.1766585771507,127.045495808082
동탄목동점,경기도 화성시 왕배산길 7,37.1817799994159,127.122856761155
홈플러스오산점,경기도 오산시 청학로 238 홈플러스오산점,37.1700588011761,127.06179880034
오산대역점,경기도 오산시 내삼미로79번길 31,37.1707072738334,127.064536336628
동탄호수공원점,경기도 화성시 동탄대로 181,37.1720762292297,127.104078001389
동탄산척점,경기도 화성시 동탄순환대로 257 종산타워,37.1706228689522,127.118518805977
양평점,경기도 양평군 양평읍 양근로 197-2,37.4894067524671,127.49156089668
동탄그랑파사쥬점,경기도 화성시 동탄대로5길 15 동탄그랑파사쥬 1001~1003,37.1661042781841,127.105122191991
오산시청점,"경기도 오산시 성호대로 121 월드타워,",37.1490540157797,127.074847787903
오산점,경기도 오산시 대원로 16,37.1462805061108,127.070214078846
화성향남점,"경기도 화성시 향남읍 발안로 103-6 J&H빌딩 1,2층",37.1317772389814,126.92191279422
오산갈곶점,경기도 오산시 경기대로 50 A동,37.1289827436086,127.071270217946
화성향남로데오점,경기도 화성시 향남읍 발안양감로 187 하길리 1465-2,37.1163831823586,126.910892199461
롯데프리미엄아울렛이천점,경기도 이천시 호법면 프리미엄아울렛로 177-74,37.2422268786208,127.400026089807
이천증포점,경기도 이천시 이섭대천로 1434,37.2954700784363,127.457267437677
이천중앙로점,경기도 이천시 어재연로37번길 16,37.2803234016327,127.444898005273
이천터미널점,경기도 이천시 중리천로 84,37.2782229419076,127.446350794734
연천전곡점,경기도 연천군 전곡읍 전곡로 151,38.0256924618654,127.068287313494
평택신장점,경기도 평택시 쇼핑로 22(신장동),37.0808050560791,127.051864767741
가평점,경기도 가평군 가평읍 가화로 117,37.830065463666,127.513410638265
송탄점,경기도 평택시 특구로 26,37.0677557605513,127.063507958567
이천하이닉스점,"경기도 이천시 부발읍 경충대로 2096-4,",37.2521071817627,127.490314921172
평택고덕로데오점,경기도 평택시 고덕갈평6길 29 올리브영,37.0572802848504,127.047438154389
평택서정점,경기도 평택시 정암로 2,37.0569536565346,127.053949597405
평택고덕브리티시점,경기도 평택시 고덕국제대로 77 B1157호,37.0443559204264,127.041883008056
평택고덕점,경기도 평택시 고덕여염9길 40,37.0405764968362,127.051594709587
평택고덕에듀타운점,경기도 평택시 고덕로 250 에듀스카이~105호,37.0363056605908,127.028330660423
평택청북점,경기도 평택시 청북읍 청북남로 260,37.0196297903296,126.915319112734
평택동삭점,"경기도 평택시 지제동삭2로 181-24 스타메디컬,,",37.0168928217198,127.093826986463
평택비전점,경기도 평택시 만세로 1708,37.0139623266378,127.112586368827
평택소사벌점,경기도 평택시 평남로 862 로이드빌딩 105~107호,37.0004682235819,127.11150165951
평택소사벌로터리점,경기도 평택시 비전5로 16,36.9998557100909,127.113265585575
평택역점,경기도 평택시 평택2로10번길 10-3,36.9919786977537,127.088231734958
평택AK역사점,경기도 평택시 평택로 51 평택AK백화점,36.9918974768998,127.083288658126
평택로데오점,경기도 평택시 평택로32번길 28 올리브영 평택로데오점,36.9911243429396,127.089485830452
안성마정점,경기도 안성시 공도읍 서동대로 4473-1 B동 올리브영,37.0092634101026,127.198988612218
평택안중점,경기도 평택시 안중읍 안현로서6길 48,36.9848258588883,126.924100884212
여주중앙로점,경기도 여주시 세종로14번길 18,37.2973955118748,127.634908017194
평택용죽점,경기도 평택시 용죽2로 32-50,36.9927806678372,127.125380439084
안성공도점,"경기도 안성시 공도읍 공도2로 14,",36.9997554542242,127.169958670382
스타필드안성점,경기도 안성시 공도읍 서동대로 3930-39 스타필드 안성,36.9946334108693,127.147249620616
경기여주DI점,경기도 여주시 세종로 217,37.278548788937,127.637843127805
안성아양점,경기도 안성시 아양2로 113 TR빌딩,37.0124927723636,127.257433295395
여주프리미엄빌리지점,경기도 여주시 명품1로 22-6 올리브영,37.2429588560292,127.61581231676
안성점,경기도 안성시 중앙로 391,37.0075651307502,127.270402852012
문경시청점,경상북도 문경시 당교로 231 브리티시골드,36.5860615565625,128.188213764774
상주무양점,경상북도 상주시 영남제일로 1697,36.4259119365393,128.1560029525
상주점,경상북도 상주시 상산로 273,36.4152426026989,128.159148032642
영주가흥점,경상북도 영주시 대학로 241,36.8171310323708,128.604498733986
경북영주점,경상북도 영주시 구성로350번길 29,36.8242676150922,128.624207043128
경북영주역점,경상북도 영주시 대학로 35,36.8089999782787,128.620501098413
경북도청신도시점,경상북도 예천군 호명읍 수변로 115,36.574772776471,128.485810642379
김천시청점,경상북도 김천시 시청로 55,36.1332957392887,128.117405919105
안동옥동점,경상북도 안동시 광명로 177,36.5634294694718,128.702031112443
안동옥동주공점,경상북도 안동시 옥서로 56,36.5592833536921,128.698608569888
안동점,경상북도 안동시 문화광장길 42,36.5649853197602,128.73112646017
안동정하점,"경상북도 안동시 강남5길 5,,",36.5505543620314,128.73598936437
김천혁신도시점,경상북도 김천시 혁신3로 15 율곡스퀘어6 103-104호,36.1173178442915,128.182926839406
구미봉곡점,경상북도 구미시 봉곡남로 96,36.1493120382296,128.312777089073
구미문성점,경상북도 구미시 고아읍 들성로 170,36.1585639594311,128.339854587395
구미역점,경상북도 구미시 문화로 8-1,36.1294286247408,128.332339865541
구미형곡점,경상북도 구미시 신시로 63,36.1135835312919,128.338811887779
구미확장단지점,경상북도 구미시 산동면 신당2로 9,36.1558390691982,128.43415868093
구미옥계점,"경상북도 구미시 옥계북로 27 108동 105,(옥계동, 삼구트리니엔)",36.1385661194576,128.420771279047
홈플러스구미점,경상북도 구미시 구미대로 174 홈플러스,36.10275447283,128.363749610866
구미상모점,경상북도 구미시 상사서로 55 상모프라자 104~106호,36.0874179075099,128.355040910013
구미오태점,경상북도 구미시 금오대로 294-1,36.0709772376874,128.349116046386
구미인동점,경상북도 구미시 인동중앙로1길 26,36.108175182141,128.418746248402
구미진평점,경상북도 구미시 인동36길 10,36.0938336796311,128.432292582295
칠곡석적점,경상북도 칠곡군 석적읍 유학로 54-1,36.0769230251833,128.415103345561
경북왜관점,경상북도 칠곡군 왜관읍 중앙로 203-2,35.9931562287019,128.398928821231
경북성주점,경상북도 성주군 성주읍 성주로 3248,35.917623230342,128.289134271776
경북울진점,경상북도 울진군 울진읍 울진중앙로 120,36.9922513856388,129.40140859095
경산하양점,경상북도 경산시 하양읍 하양로 82,35.9119250640196,128.817199776018
경산하양대로점,경상북도 경산시 하양읍 대경로 668,35.9079964165112,128.814722522367
스타필드마켓경산점,경상북도 경산시 옥산로 227,35.8349111322679,128.720087326388
경산정평역점,경상북도 경산시 대학로 39,35.8346109424326,128.727262201386
홈플러스경산점,경상북도 경산시 경안로 288 홈플러스,35.8328253100051,128.735644623423
경산조영점,경상북도 경산시 대학로 321,35.8390138341823,128.755970165304
영남대점,경상북도 경산시 대학로 285 올리브영,35.8367881680931,128.753352672328
경산시장점,경상북도 경산시 중앙로 78,35.8228686711747,128.735499807765
영천완산점,경상북도 영천시 완산7길 21,35.9633315553578,128.939843267744
경산사동점,경상북도 경산시 백자로 72,35.8120736640773,128.75536759984
포항초곡점,경상북도 포항시 북구 흥해읍 초곡지구로58번길 12,36.0966666579131,129.33842237206
포항지곡점,"경상북도 포항시 남구 지곡로 257 108,109,110호",36.0292016056611,129.323924767035
포항양덕점,경상북도 포항시 북구 신덕로 225 올리브영,36.0864513839316,129.391078449564
포항장성점,경상북도 포항시 북구 새천년대로 1267,36.07483918121,129.385534719988
포항이동점,경상북도 포항시 남구 포스코대로 133,36.0261018014287,129.340502015523
포항두호점,경상북도 포항시 북구 두호로 24,36.0600685877935,129.376007812401
포항중앙점,경상북도 포항시 북구 중앙상가4길 20,36.0377485612021,129.364778639586
포항대잠점,경상북도 포항시 남구 새천년대로 424,36.0135504470689,129.34462467356
포항터미널점,경상북도 포항시 남구 중흥로 88,36.0129772675011,129.350727850294
경주성건점,경상북도 경주시 동대로 2,35.855390019692,129.206615101156
경주용강점,경상북도 경주시 원지길 46,35.8673942939437,129.222915222709
경주점,경상북도 경주시 계림로 103,35.8437541649189,129.213306462181
경주황남점,경상북도 경주시 포석로 1068,35.8362571024143,129.209744049764
포항문덕점,"경상북도 포항시 남구 오천읍 원동로 15 1,2층",35.9642401940043,129.40271870596
경남거창점,"경상남도 거창군 거창읍 중앙로 136 3,4호",35.6869671655569,127.913217434429
경남함양점,경상남도 함양군 함양읍 함양로 1149 올리브영,35.5214291023594,127.727641461658
밀양점,경상남도 밀양시 석정로 21,35.4917863731331,128.751696563389
밀양삼문점,경상남도 밀양시 미리벌중앙로 59,35.4831762329156,128.748968416089
진주초전점,경상남도 진주시 초전북로52번길 31,35.2060685279459,128.113768696785
갤러리아진주점,경상남도 진주시 진주대로 1095,35.1967109130245,128.082322184482
진주중앙점,경상남도 진주시 진양호로527번길 12,35.1937210669807,128.083023757571
진주하대점,경상남도 진주시 도동로 254,35.1928470173366,128.122119554809
진주평거점,경상남도 진주시 순환로 526,35.171583897701,128.062120915783
진주과기대점,경상남도 진주시 동진로 25 450-2번지 태성빌딩,35.1791251671433,128.09375053254
롯데몰진주점,경상남도 진주시 동진로 440 롯데몰진주,35.1801540327483,128.139841256694
진주혁신도시점,경상남도 진주시 충의로 20-4,35.1763201810926,128.147097217642
경상대점,경상남도 진주시 진주대로 506 경상프라자,35.1520560060773,128.105425041565
창원감계점,"경상남도 창원시 의창구 북면 감계로 304 재성빌딩,105호",35.301981501659,128.594006965626
마산내서점,경상남도 창원시 마산회원구 내서읍 삼계4길 7,35.2324421760091,128.503695733368
경남사천점,경상남도 사천시 사천읍 옥산로 30,35.0795680659829,128.086223903812
창원팔용점,경상남도 창원시 의창구 팔용로 445,35.2561810784062,128.613579074677
마산합성점,경상남도 창원시 마산회원구 3.15대로 750 마산시외버스터미널,35.2386908353817,128.583125909436
김해진영점,경상남도 김해시 진영읍 김해대로361번길 7,35.3075167469892,128.729279612601
창원유니시티점,경상남도 창원시 의창구 중동중앙로 47 어반브릭스 올리브영,35.2566260149864,128.624998278346
김해진영대로점,경상남도 김해시 진영읍 여래로20번길 34-21,35.3062840423186,128.731436076658
마산산호점,경상남도 창원시 마산합포구 삼호로 45,35.2214516359418,128.585374407023
마산창동점,경상남도 창원시 마산합포구 동서북10길 64,35.2059723580466,128.575193273735
창원시티세븐점,경상남도 창원시 성산구 원이대로 320 더시티세븐,35.2396668440149,128.654408692296
경남대점,경상남도 창원시 마산합포구 월영동2길 16 해운프라자,35.1793065090079,128.559293596313
창원용호점,경상남도 창원시 성산구 원이대로 595,35.2280452758958,128.680359988483
롯데백화점창원점,경상남도 창원시 성산구 중앙대로 124 지하,35.2245696276926,128.681839748806
창원상남점,경상남도 창원시 성산구 마디미로9번길 1 이지스빌딩,35.2233395040598,128.685594040479
창원상남중앙점,경상남도 창원시 성산구 마디미로38번길 11 네스트빌딩~116호,35.2215842604547,128.682370640455
창원고인돌사거리점,경상남도 창원시 성산구 마디미로73번길 25 신우주차장빌딩,35.2197342133694,128.683143704299
창원성원점,"경상남도 창원시 성산구 동산로 124,(상남동, 성원종합상가)",35.2193420661244,128.691613680778
창원대방점,경상남도 창원시 성산구 가양로124번길 19(대방동),35.2076312818949,128.707594828064
김해삼계점,경상남도 김해시 삼계중앙로 47,35.2608955875787,128.870222586688
김해주촌점,경상남도 김해시 주촌면 선천로 59,35.2367429214964,128.839489610133
진해충무점,경상남도 창원시 진해구 충장로 134,35.1518176241105,128.666665454523
양산남부시장점,경상남도 양산시 삼일로 82,35.3437611666779,129.036294524121
양산점,"경상남도 양산시 양산역1길 24 영동프라자101,102호",35.3369873610905,129.027672097073
양산범어점,"경상남도 양산시 물금읍 범어로 76 네오코아상가 102,",35.327912538808,129.015303372533
사천벌리점,경상남도 사천시 주공로 9,34.9391778428375,128.086154262757
양산물금점,경상남도 양산시 물금읍 청운로 188,35.3166118499198,129.003280095649
홈플러스김해점,경상남도 김해시 김해대로 2078 홈플러스김해점,35.2419040446888,128.870262278148
진해하나로마트점,경상남도 창원시 진해구 진해대로776번길 28,35.1565609908467,128.698120767986
양산서창점,경상남도 양산시 삼호1길 52,35.4144986493051,129.168382516133
김해내동점,경상남도 김해시 내외중앙로 83 올리브영,35.2374691571373,128.866905048214
김해내외점,경상남도 김해시 내외중앙로 40,35.2333988127989,128.866697525995
진해석동점,경상남도 창원시 진해구 냉천로 83,35.1531411022316,128.706118803164
김해장유부곡점,경상남도 김해시 능동로 153,35.2024570480443,128.807968769467
양산석산점,"경상남도 양산시 동면 금오13길 10 채움리더스,",35.3165820719887,129.025646168107
인제대점,경상남도 김해시 인제로 190,35.2455606808935,128.904192232425
김해장유대청점,경상남도 김해시 번화1로56번길 19 장유피닉스빌딩,35.1932892538884,128.802556669001
김해아이스퀘어점,"경상남도 김해시 김해대로 2352 D112, D113, D125, D126",35.225850688158,128.8841858189
양산덕계점,경상남도 양산시 번영로 19,35.3743154540975,129.15075207492
양산신덕계점,경상남도 양산시 웅상대로 862,35.3763028350948,129.155772837289
경남고성점,경상남도 고성군 고성읍 송학로149번길 2,34.9779435208471,128.325779431452
롯데프리미엄아울렛김해점,경상남도 김해시 장유로 469,35.1850621204763,128.829596369018
김해장유율하점,경상남도 김해시 율하3로 53 경보프라자,35.1728084276909,128.814831886643
진해용원점,경상남도 창원시 진해구 용원로7번길 18,35.1018949244247,128.810937669282
진해신항점,경상남도 창원시 진해구 신항동로 121,35.0883930449093,128.814954268701
통영죽림점,경상남도 통영시 광도면 죽림4로 18,34.8855973923718,128.416481960994
통영무전점,경상남도 통영시 중앙로 307 에스엠빌딩,34.8577231530565,128.428192512433
디큐브거제점,경상남도 거제시 장평로 12 디큐브백화점 거제점,34.8910558081136,128.616402009975
거제고현대로점,경상남도 거제시 거제중앙로 1940,34.8911486494629,128.622076666488
거제고현점,경상남도 거제시 거제중앙로 1914,34.8888572034436,128.623200785674
거제수월점,"경상남도 거제시 수양로 471(양정동, 동희빌딩)",34.8916616410898,128.639533683635
거제옥포점,경상남도 거제시 옥포대첩로 42-1,34.8936698670575,128.692332647327
거제아주점,경상남도 거제시 아주1로2길 62 올리브영,34.8674512482035,128.685634244674
조치원점,"세종특별자치시 조치원읍 조치원로 5 1,2층",36.6013934203915,127.297323804446
세종도담점,세종특별자치시 한누리대로 583,36.5152816415039,127.25848313191
세종아름점,세종특별자치시 보듬3로 100 해피라움,36.5119529197334,127.248623728597
세종종촌점,세종특별자치시 도움3로 105-10 성운프라자,36.504105243814,127.24938714397
AK세종점,세종특별자치시 한누리대로 411 AK세종,36.5011321800617,127.258850981903
세종반곡점,세종특별자치시 한누리대로 1844,36.4978873451364,127.309909194223
세종새롬점,세종특별자치시 새롬중앙로 63 온누리타워,36.4865350260467,127.250252508104
세종첫마을점,세종특별자치시 한누리대로 201,36.4825700406775,127.26014541149
세종소담점,세종특별자치시 한누리대로 2022 세종아이콤 스타타워1층 105~107호,36.4844666136055,127.299138996473
세종대평점,세종특별자치시 대평로 71 펠리체타워 111~113호,36.4732788550834,127.277222179129
올리브영 명동 타운,서울특별시 중구 명동길 53 1~2층,37.5640899581142,126.985176312614
명동점,서울특별시 중구 명동8길 14,37.5630515651421,126.984516197889
명동타임워크점,"서울특별시 중구 남대문로 78 타임워크명동,",37.5641849908728,126.983004582977
명동중앙점,서울특별시 중구 명동8나길 18 인송빌딩,37.5615670147305,126.98400288242
명동역점,서울특별시 중구 퇴계로 115 밀리오레,37.56105243357,126.984514234793
명동2가점,서울특별시 중구 남대문로 68-1,37.5632323502622,126.982275208021
명동거리점,서울특별시 중구 명동8나길 9,37.5612953313197,126.984430769236
명동대로점,서울특별시 중구 퇴계로 120,37.5605784919404,126.985079559392
종각점,서울특별시 종로구 종로 61,37.570439429731,126.984277409708
무교동점,서울특별시 중구 무교로 24,37.5681041235107,126.979477972441
종로점,서울특별시 종로구 종로 78 미려빌딩,37.5698795927378,126.986041334865
종로YBM점,서울특별시 종로구 종로 104,37.5699634381006,126.989111515848
시청역점,서울특별시 중구 세종대로16길 1,37.5635395136491,126.977115909353
종로1가점,서울특별시 종로구 종로 19 르미에르종로타운,37.5708444878121,126.979923668151
충무로역점,서울특별시 중구 퇴계로 222 구인빌딩,37.5615394822515,126.996408264215
세종로점,서울특별시 종로구 세종대로 161,37.5706817202422,126.976266788802
씨제이남산더센터점,서울특별시 중구 소월로2길 12 CJ빌딩,37.5546082449594,126.975981487522
서울역점,서울특별시 중구 한강대로 405,37.5547278494914,126.969526329341
정동점,서울특별시 중구 새문안로 26,37.5675120768212,126.968777453129
제일제당센터점,서울특별시 중구 동호로 330 지하1층,37.5639736242816,127.003253199367
플러스점,서울특별시 용산구 한강대로 372 KDB생명타워 B114~B115,37.5516315844006,126.972912206176
트윈시티점,"서울특별시 용산구 한강대로 366 B1 109,110호",37.5510861198751,126.972911385084
경복궁역점,"서울특별시 종로구 자하문로 9 1,2층",37.5769157929272,126.972141061212
던던동대문점,서울특별시 중구 을지로 264 지하2층,37.5657600422078,127.007079629799
동대문역사문화공원사거리점,서울특별시 중구 을지로 255,37.5664508637082,127.006598750852
홍대대학로점,서울특별시 종로구 대학로 57 홍익대대학로캠퍼스 내,37.5765585834389,127.001450046714
동대문역사문화공원역점,서울특별시 중구 장충단로 251,37.5671733719389,127.008056602726
현대시티아울렛동대문점,서울특별시 중구 장충단로13길 20,37.568734553218,127.007666479829
두타점,서울특별시 중구 장충단로 275 두산타워빌딩 지하,37.5688849422849,127.008775114213
독립문점,"서울특별시 종로구 송월길 99 경희궁 자이 2132, 2133,",37.5708610950823,126.962352257162
만리동점,서울특별시 중구 만리재로 175 서울역센트럴자이,37.5547908528642,126.964454371144
대학로점,서울특별시 종로구 창경궁로 237 1~3층,37.5830612363068,126.998514956905
혜화역점,서울특별시 종로구 대학로 122 흥사단회관,37.582188882319,127.002249558739
약수역점,서울특별시 중구 동호로 192,37.5553641615604,127.01066001316
숙대입구역점,서울특별시 용산구 한강대로 285,37.5437279731126,126.971927669953
숙대점,서울특별시 용산구 청파로45길 19 복조빌딩(올리브영 숙대점),37.5442766793662,126.969380312147
대학로중앙점,서울특별시 종로구 대학로 144,37.5839815923013,127.002064503637
아현역점,서울특별시 서대문구 신촌로35길 10,37.558621696785,126.955860405605
신당역점,서울특별시 중구 다산로 258,37.5657948536437,127.016623843671
애오개역점,서울특별시 마포구 마포대로 201 마포트라펠리스,37.5522161008194,126.95550374204
동묘앞역점,서울특별시 종로구 종로 346,37.5729160125034,127.016259338316
신금호역점,서울특별시 성동구 무수막길 95,37.5542288938715,127.01981723778
용산리첸시아점,"서울특별시 용산구 백범로 341 외 1필지(원효로1가, 리첸시아 용산) 리첸시아 에이동,,,",37.5379386735674,126.967973433167
이태원입구점,서울특별시 용산구 이태원로 145,37.5345885203978,126.989907748728
이태원중앙점,서울특별시 용산구 이태원로 179 해밀톤쇼핑센터,37.5348143960679,126.993735204809
한성대입구역점,서울특별시 성북구 삼선교로 12,37.5875911326329,127.007142383963
황학사거리점,서울특별시 성동구 왕십리로 410 센트라스,37.5666029325047,127.024082467223
공덕파크팰리스점,서울특별시 마포구 마포대로 143 마포공덕파크팰리스,37.5474542024771,126.953094314075
이대중앙점,서울특별시 서대문구 이화여대길 12,37.5574471138166,126.946000946532
공덕역점,서울특별시 마포구 백범로 199 메트로디오빌,37.5434778780948,126.952779970695
신설동역점,서울특별시 동대문구 왕산로 4,37.5756082077054,127.024042802335
금호점,서울특별시 성동구 독서당로 302,37.5476110768479,127.02273086562
상왕십리역점,서울특별시 성동구 왕십리로 382,37.5651102845783,127.028019796271
순천향입구점,서울특별시 용산구 대사관로 71,37.5334010992212,127.006011243289
한남오거리점,서울특별시 용산구 독서당로 65-1,37.5338318568374,127.007746177161
마포공덕점,서울특별시 마포구 마포대로 78 자람빌딩,37.5418967410602,126.949787848373
신촌대로점,서울특별시 서대문구 신촌로 121,37.5562057965146,126.939295914138
신촌명물거리점,서울특별시 서대문구 명물길 54,37.558806631572,126.939328097294
돈암점,서울특별시 성북구 동소문로22길 39,37.5913843561926,127.018386602102
마포역점,서울특별시 마포구 마포대로 53 마포트라팰리스상가,37.5414321628548,126.947054064308
대흥역점,서울특별시 마포구 백범로 91,37.5482161980568,126.941804075317
용산아이파크몰점,서울특별시 용산구 한강대로23길 55 HDC 아이파크몰 패션파크,37.5297718014452,126.964741503485
신촌연세점,서울특별시 서대문구 연세로 37,37.5588751602898,126.936683399111
성신여대입구역점,서울특별시 성북구 아리랑로 9,37.5937320611385,127.015978183574
신용산역점,"서울특별시 용산구 한강대로 95,102호",37.5288173852679,126.966653789116
용산아이파크몰더센터점,서울특별시 용산구 한강대로23길 55 용산아이파크몰 지하1층,37.5297718014452,126.964741503485
마포도화점,서울특별시 마포구 삼개로 20,37.5385080351775,126.947204921199
신촌중앙점,서울특별시 서대문구 신촌로 93 광신빌딩,37.5556893522809,126.936567828148
돈암중앙점,서울특별시 성북구 동소문로 118,37.5933260265911,127.018175678094
신촌역점,서울특별시 서대문구 신촌로 79,37.556000258611,126.935189216315
홍제역점,서울특별시 서대문구 통일로 446,37.5887534909772,126.944554095977
신촌로터리점,서울특별시 마포구 서강로 133,37.5544113917507,126.935266304232
안암점,서울특별시 성북구 고려대로24길 44,37.5842070912736,127.029321247727
왕십리역사점,서울특별시 성동구 왕십리광장로 17,37.5614417528647,127.038394194396
연희점,서울특별시 서대문구 연희로 97 올리브영,37.5668038837366,126.930516521058
종로평창점,서울특별시 종로구 평창문화로 51 올리브영,37.6057993114321,126.966777550496
동부이촌점,서울특별시 용산구 이촌로75길 16,37.5205919956484,126.974398977485
창천점,서울특별시 서대문구 신촌로 17,37.5582028873199,126.9290107594
광흥창역점,서울특별시 마포구 서강로 75-16 PEER,37.5496213115505,126.931255709052
홍대공항철도역점,서울특별시 마포구 양화로 183,37.5583675467575,126.925148412411
정릉점,서울특별시 성북구 보국문로 33,37.6073770418433,127.010124841427
올리브영 홍대 타운,서울특별시 마포구 홍익로6길 57 올리브영 홍대 타운,37.5566180233646,126.924351712061
동교동점,서울특별시 마포구 동교로 207,37.5585958809292,126.923217592056
길음역점,서울특별시 성북구 정릉로 376 BR빌딩 지하,37.6020159406626,127.025322800344
청량리중앙점,서울특별시 동대문구 왕산로 194 1~2층,37.5798839978865,127.044673250556
홍대정문점,서울특별시 마포구 홍익로 4,37.5531698637772,126.924145720057
홍대입구역점,서울특별시 마포구 양화로 156 엘지팰리스,37.5561130617043,126.923446601456
압구정점,서울특별시 강남구 논현로175길 6,37.5263670759444,127.027922375096
압구정역점,서울특별시 강남구 논현로 878 중산빌딩,37.527091413813,127.028952132655
뚝섬역점,서울특별시 성동구 아차산로 6,37.5476939315842,127.04512444582
길음점,서울특별시 성북구 길음로 11 롯데캐슬 160~162호,37.603785604914,127.023437392228
상수역점,서울특별시 마포구 와우산로 49 상수아뜨리에,37.5489912003068,126.922733825897
홍대사거리점,서울특별시 마포구 양화로 140,37.5551017281586,126.922123966823
명지대점,서울특별시 서대문구 거북골로 34 명지대학교 인문캠퍼스 교육문화복합시설MCC관,37.5803770223812,126.921348530876
홍대놀이터점,서울특별시 마포구 와우산로21길 29 석전빌딩~3층,37.5521866201932,126.92236725663
트렌드팟 바이 올리브영홍대,서울특별시 마포구 와우산로21길 37,37.5522793172045,126.921797356875
서울숲역점,서울특별시 성동구 왕십리로 50,37.5419000229184,127.044975552245
압구정중앙점,서울특별시 강남구 논현로 842 압구정빌딩,37.5240379714226,127.028730922791
종암점,서울특별시 성북구 종암로 123 우영타워,37.6010153406314,127.033161209581
가재울뉴타운점,서울특별시 서대문구 거북골로 100 래미안루센티아동 29~31호,37.5757256799627,126.918353630124
올리브영 가로수길 타운,서울특별시 강남구 도산대로 133,37.5179250197288,127.023005667551
녹번역점,서울특별시 은평구 은평로 240 힐스테이트녹번역 B3층 308 ~,37.6004214734002,126.934948113512
신사점,서울특별시 강남구 도산대로 116 논현빌딩,37.5166065016895,127.021516108092
청량리역사점,서울특별시 동대문구 왕산로 214 청량리역 맞이방 올리브영,37.584197400389,127.05114503929
답십리역점,서울특별시 동대문구 고미술로 81,37.5656002424883,127.055721897581
신사서초점,서울특별시 서초구 강남대로 589 106~108호,37.5144406772564,127.019386390307
압구정로데오점,서울특별시 강남구 압구정로 342,37.5278501528111,127.039503988359
홈플러스월곡점,"서울특별시 성북구 화랑로 76 홈플러스월곡점 B1층 X17,YK호 올리브영 코너",37.6017059749991,127.040579524379
합정카페거리점,서울특별시 마포구 독막로 13,37.548813842869,126.915065611158
서울시립대점,서울특별시 동대문구 전농로 222 씨티프라자 104~105호,37.5839388978562,127.053599055745
합정메세나폴리스점,서울특별시 마포구 양화로 45 메세나폴리스몰 B1186~1187,37.5515008030203,126.91395024016
압구정로데오역점,서울특별시 강남구 선릉로 817 캠포츠빌딩,37.5250890564552,127.039431148957
성수역점,서울특별시 성동구 아차산로 91,37.545307923565,127.054482759879
올리브영N 성수,서울특별시 성동구 연무장7길 13 팩토리얼 성수,37.5441832964048,127.05448273353
NC강남점,서울특별시 서초구 잠원로 51 NC백화점 강남점,37.5092394548535,127.007438594863
학동중앙점,서울특별시 강남구 도산대로 326,37.5223519106434,127.03774745119
합정교보점,서울특별시 마포구 월드컵로1길 14 올리브영 합정교보점,37.5500497954747,126.912061257921
동덕여대점,서울특별시 성북구 화랑로11길 31,37.6037213567041,127.04199200953
강남엔터식스점,"서울특별시 서초구 신반포로 지하 188 엔터식스 강남점 26,",37.5049267445237,127.004949918697
노량진역점,서울특별시 동작구 노량진로 159,37.5139942599492,126.943623463419
망원역점,서울특별시 마포구 월드컵로 75,37.5556322935424,126.91015440036
경희대점,서울특별시 동대문구 경희대로 2,37.5918146702444,127.052561643532
미아사거리점,서울특별시 강북구 도봉로10길 6 올리브영,37.6129877952316,127.030784883447
중앙대점,서울특별시 동작구 흑석로 81,37.5070670495441,126.958601000146
서여의도점,서울특별시 영등포구 국회대로74길 19 동우국제빌딩,37.5298235476574,126.921970484355
미아사거리역점,서울특별시 강북구 도봉로 53,37.6138335845815,127.029606516765
미아뉴타운점,서울특별시 강북구 삼양로27길 19 204동 115~117호,37.6161238065432,127.021741379374
성수연방점,서울특별시 성동구 성수이로14길 14,37.5414076146252,127.056908279292
여의도역점,서울특별시 영등포구 여의나루로 61 한영회계법인빌딩,37.5232244200932,126.926015454826
북가좌동점,서울특별시 서대문구 거북골로 191,37.5779019884783,126.909402895833
회기중앙점,서울특별시 동대문구 이문로 30 올리브영,37.5901844200243,127.056453204298
동여의도점,서울특별시 영등포구 의사당대로1길 25,37.5200631564146,126.929844969015
학동역점,서울특별시 강남구 논현로 667,37.5135684003677,127.03054130783
여의도IFC점,서울특별시 영등포구 국제금융로 10,37.5251775245928,126.924876706923
응암점,서울특별시 은평구 은평로 102 연합빌딩 1 ~,37.5995259145606,126.919106041551
장한평역점,서울특별시 동대문구 장한로 3,37.5621355469546,127.064573772246
강남구청역점,서울특별시 강남구 선릉로 703,37.5176931767639,127.040753093301
망원동점,서울특별시 마포구 망원로 71,37.5574979153855,126.904772998268
청담사거리점,서울특별시 강남구 도산대로89길 8 엘에이치빌딩,37.5251096681023,127.050597749548
국회의사당역점,서울특별시 영등포구 국회대로 지하 758선 지하2층,37.5280674292228,126.917885535023
응암역점,서울특별시 은평구 증산로 475,37.5986428229199,126.915336940843
마포구청역점,"서울특별시 마포구 월드컵로 196 대명비첸시티 제102,103,105,106호",37.5647995635391,126.902750212857
강남논현점,서울특별시 강남구 강남대로118길 11,37.5066350368622,127.024544768324
불광역점,서울특별시 은평구 통일로 741,37.6114268242168,126.928611590744
서래마을점,서울특별시 서초구 서래로 39,37.4985482538591,126.998214914885
휘경동점,"서울특별시 동대문구 망우로 78, 휘경빌딩",37.5897577082906,127.062022206819
신논현점,서울특별시 서초구 강남대로 483,37.5053254283579,127.023648945463
청담역점,서울특별시 강남구 삼성로 716,37.5199060766075,127.050036555762
외대정문점,서울특별시 동대문구 이문로 107,37.5982966771548,127.057942413722
신논현역점,서울특별시 강남구 강남대로 470,37.5043293460531,127.025061202164
건대커먼그라운드점,서울특별시 광진구 아차산로 200 커먼그라운드,37.5410566332301,127.065669226745
장안동사거리점,서울특별시 동대문구 답십리로 268 해림빌딩,37.572251805454,127.070154714719
홈플러스월드컵점,서울특별시 마포구 월드컵로 240 홈플러스월드컵점,37.5682884450841,126.897273034482
상도역점,서울특별시 동작구 양녕로 257,37.5031672249601,126.947283423114
언주역점,서울특별시 강남구 봉은사로 209,37.5079322777816,127.035012857641
방배카페거리점,서울특별시 서초구 방배중앙로 175 올리브영,37.494660023489,126.985822624485
장승배기역점,서울특별시 동작구 장승배기로11가길 11,37.5055659930949,126.938911240196
디지털미디어시티역점,서울특별시 마포구 성암로 지하 184 디지털미디어시티역점 지하1층,37.5768239035855,126.899020186183
수색점,서울특별시 은평구 수색로 216,37.5798457128547,126.899932768477
신강남점,서울특별시 강남구 봉은사로2길 31,37.5026096332208,127.026544075503
미아역점,서울특별시 강북구 도봉로 188,37.6256368354165,127.026797556758
구산역점,서울특별시 은평구 서오릉로 137,37.6107201592064,126.917524968672
어린이대공원역점,"서울특별시 광진구 광나루로 388 1,2층",37.5474420832764,127.072775695441
올리브영 강남 타운,서울특별시 서초구 강남대로 429 동일빌딩 1~3층,37.5007943673082,127.025772945159
건대입구점,"서울특별시 광진구 동일로22길 115 1,2층",37.5407636585904,127.070462165241
숭실대입구역점,서울특별시 동작구 상도로 358,37.4966364970878,126.95291012501
자양역점,서울특별시 광진구 능동로 7,37.5323407288608,127.066771358767
올리브영 건대 타운,"서울특별시 광진구 아차산로 244 1,2층",37.5397305477366,127.070200722719
삼성중앙역점,서울특별시 강남구 봉은사로 465 올리브영,37.5124779592224,127.050398633345
신길점,서울특별시 영등포구 영등포로 358 대윤메디컬센터,37.5143975647918,126.917968268233
당산역점,서울특별시 영등포구 당산로 223,37.5337352481764,126.901161001392
당산대로점,서울특별시 영등포구 양평로 58,37.5350648932852,126.900670131531
연신내범서점,서울특별시 은평구 통일로 842,37.6186902335511,126.922063807625
서초대로점,서울특별시 서초구 서초대로 314 정보통신공제조합회관,37.4940331549084,127.015892124665
역삼점,서울특별시 강남구 테헤란로 111 대건빌딩,37.4989136957534,127.029260610601
장위뉴타운점,서울특별시 성북구 돌곶이로40길 46 꿈의숲아이파크,37.6198223851288,127.049660439134
올리브영 센트럴 강남 타운,서울특별시 서초구 강남대로 403 지하1층~지상4층,37.4984575559368,127.026815711545
스타시티점,서울특별시 광진구 아차산로 272 스타시티가,37.5385582736952,127.072996184863
군자역점,"서울특별시 광진구 천호대로 548,",37.5568272074713,127.07899226716
내방역점,서울특별시 서초구 방배로 178,37.4895431159289,126.992842764204
역삼중앙점,서울특별시 강남구 테헤란로 151,37.5009805027604,127.036135772428
연신내점,서울특별시 은평구 통일로 857,37.6195878442183,126.920379331437
역삼역점,서울특별시 강남구 테헤란로 138 성홍타워,37.4996398113702,127.034303761906
연신내로데오점,서울특별시 은평구 연서로 221,37.6184237386344,126.919803581973
상암ENM점,서울특별시 마포구 상암산로 66 CJ E&M 센터,37.5783960630744,126.891522106224
상암MBC점,서울특별시 마포구 성암로 267 MBC 신사옥상업시설,37.5811234199086,126.890988995582
강남중앙점,서울특별시 강남구 강남대로 374,37.4962895621722,127.029067230812
서초역점,서울특별시 서초구 반포대로 110,37.4899185120215,127.009232074157
선유도역점,서울특별시 영등포구 양평로 115,37.5373094341396,126.894605589361
방배이수점,서울특별시 서초구 동작대로 118 예다인프라자빌딩,37.4870042036257,126.982744496134
선릉중앙점,서울특별시 강남구 테헤란로 316,37.5030781277393,127.045537630336
봉은사역점,서울특별시 강남구 영동대로 602,37.5147215906749,127.060483947525
서초타운점,서울특별시 서초구 서초대로78길 32,37.4949996682957,127.028000253814
중랑점,서울특별시 중랑구 망우로32길 6,37.5935598970354,127.076316137215
영등포역사점,서울특별시 영등포구 경인로 846,37.5156680341198,126.907665995469
이수역점,서울특별시 동작구 사당로 307,37.4855433982294,126.981546878511
영등포역점,서울특별시 영등포구 영중로 6,37.5169636928472,126.906654619916
선릉타운점,서울특별시 강남구 테헤란로 411 성담빌딩,37.5054936224827,127.050863180985
신대방삼거리역점,서울특별시 동작구 보라매로 113,37.4994633095093,126.927896614044
중곡역점,서울특별시 광진구 능동로 400,37.5650580830652,127.08445683899
선릉로점,서울특별시 강남구 테헤란로64길 20 원동방빌딩,37.5036212499537,127.051264642306
타임스퀘어아트리움점,서울특별시 영등포구 영중로 15 타임스퀘어,37.5172332566615,126.903715993779
코엑스몰점,서울특별시 강남구 테헤란로87길 22,37.5096322564759,127.059443354483
수유중앙점,서울특별시 강북구 도봉로 336,37.6376847950519,127.025692922639
수유역점,서울특별시 강북구 도봉로 329 동오빌딩,37.6375531926438,127.024701635067
영등포타임스퀘어점,서울특별시 영등포구 영중로 15 타임스퀘어 지하,37.5172332566615,126.903715993779
서초우성점,서울특별시 서초구 강남대로 331 광일빌딩,37.4926256682761,127.029588346617
선릉점,서울특별시 강남구 테헤란로 424,37.5054927426087,127.053467711791
파르나스몰점,서울특별시 강남구 테헤란로 521 지하1층 파르나스몰 R-37,37.5091916919873,127.06080691987
석계역점,서울특별시 노원구 석계로1길 14,37.6155547536985,127.063913961862
강남우성점,서울특별시 강남구 강남대로 320 황화빌딩,37.4918533105983,127.03104820955
남성역점,서울특별시 동작구 사당로 228,37.4834987841958,126.97289781547
테헤란로점,서울특별시 강남구 테헤란로 514,37.5074267999126,127.059755460388
올리브영 파르나스삼성 타운,"서울특별시 강남구 테헤란로 521 파르나스몰 지하1층 R6,",37.5091916919873,127.06080691987
남부터미널점,서울특별시 서초구 효령로 283 서경빌딩,37.485018595965,127.015025591396
보라매역점,서울특별시 동작구 여의대방로 142,37.4997407038842,126.920686910529
사가정역점,서울특별시 중랑구 면목로 310 극장빌딩,37.5796278612169,127.087950762615
방배점,서울특별시 서초구 방배로 83,37.4818646316946,126.997007580557
구의역점,서울특별시 광진구 아차산로 378 한승빌딩,37.5365395861807,127.084729138015
중화역점,서울특별시 중랑구 동일로 802,37.6020848093367,127.079714349109
광운대역점,서울특별시 노원구 석계로 102,37.6232887783185,127.060950596501
아차산역점,서울특별시 광진구 천호대로 671,37.5513392358641,127.090532462896
홈플러스영등포점,서울특별시 영등포구 당산로 42 B1층 올리브영,37.5182396969791,126.895880210522
대치사거리점,서울특별시 강남구 삼성로 342,37.5022364049283,127.059525476966
한티역점,서울특별시 강남구 선릉로 312 한티역점,37.4975437191647,127.052642849551
상봉역점,서울특별시 중랑구 망우로 307 리베로빌딩,37.5969380081251,127.086471773354
구의이스트폴점,서울특별시 광진구 아차산로 402 판매시설 L1층,37.5366104651759,127.087852468702
보라매병원역점,서울특별시 동작구 보라매로 5가길 16,37.4912751024086,126.924094714271
올리브영 관악 타운,서울특별시 관악구 관악로 173,37.4807083087218,126.952254874294
이마트월계점,서울특별시 노원구 마들로3길 15 이마트월계점 올리브영,37.6265093604229,127.061979778612
서울대입구역점,서울특별시 관악구 남부순환로 1840,37.4803623180231,126.95429729739
문래점,서울특별시 영등포구 선유로 63,37.5196525574619,126.889049579249
염창역점,서울특별시 강서구 공항대로 637,37.5475712417486,126.875932640151
봉천역점,서울특별시 관악구 남부순환로 1735,37.4825393126509,126.943044704477
낙성대점,서울특별시 관악구 남부순환로 1908 대원빌딩 올리브영,37.4777033870366,126.961205621131
먹골역점,서울특별시 중랑구 공릉로2길 7 1~2층,37.612235427568,127.07826300452
대치점,서울특별시 강남구 도곡로 448 동서빌딩,37.498109786403,127.059547645759
신풍역점,서울특별시 영등포구 신풍로 28 비스타동원 110~113호,37.4998139228913,126.90960294998
양재스타클래스점,서울특별시 강남구 남부순환로 2615,37.4851852937745,127.035883711966
목동파리공원점,서울특별시 양천구 목동서로 65 목동가든스위트,37.5361251512716,126.878730311055
양재역점,서울특별시 서초구 남부순환로 지하 2585 신분당선 양재역,37.4839347328908,127.034544193436
염창역9호선점,서울특별시 강서구 공항대로 지하 631 염창역 지하1층,37.547059307287,126.875005005839
사당역점,서울특별시 관악구 과천대로 941 지산빌딩,37.4746717986798,126.981399645536
신림역점,서울특별시 관악구 신림로 350,37.4855072234589,126.929948753311
신림점,서울특별시 관악구 신림로 353,37.485766892503,126.929190502039
낙성대인헌점,서울특별시 관악구 남부순환로248길 3,37.4757540468716,126.965857632109
올림픽대교북단점,서울특별시 광진구 아차산로 484,37.5407523432876,127.095646084596
강변역점,서울특별시 광진구 강변역로4길 10,37.5353492183772,127.093405063055
상봉듀오트리스점,서울특별시 중랑구 상봉로 131,37.5974066200134,127.092177640813
롯데몰은평점,서울특별시 은평구 통일로 1050 롯데쇼핑 롯데몰은평점 지하1층,37.6375366740938,126.917900261732
구파발점,서울특별시 은평구 진관2로 15-40,37.6380846090453,126.919141184408
상봉엔터식스점,서울특별시 중랑구 망우로 353,37.5983328190955,127.091624142481
신림타임스트림점,서울특별시 관악구 신림로 330 타임스트림점 지하1층,37.4838513393186,126.930234545397
강변엔터식스점,서울특별시 광진구 광나루로56길 85 테크노마트 테크노마트,37.535725176732,127.095692162256
쌍문역점,서울특별시 도봉구 도봉로 480,37.6483536013789,127.034887170663
노원공릉점,서울특별시 노원구 동일로 1083,37.6265550045472,127.072185647458
타워팰리스점,서울특별시 강남구 언주로30길 39 Lynn Square(린스퀘어),37.4887462103566,127.053214137263
신림중앙점,서울특별시 관악구 신림로 321,37.4828969433377,126.929546648038
신천중앙점,"서울특별시 송파구 올림픽로 114,",37.5114114463838,127.08320714963
대치역점,"서울특별시 강남구 남부순환로 2936 1,2층",37.4933489108525,127.06191661451
올리브영 목동 타운,서울특별시 양천구 목동서로 159-1 CBS방송국 내,37.5282318199269,126.874990723123
신도림점,서울특별시 구로구 경인로 661,37.5096619486431,126.887986372819
등촌점,"서울특별시 양천구 목동중앙북로7길 20,",37.5487517586099,126.867580487004
신도림테크노마트점,"서울특별시 구로구 새말로 97 신도림테크노마트 B1층,",37.5070438414784,126.890227293528
씨제이ENM커머스부문점,서울특별시 서초구 과천대로 870-13 지하1층,37.4690467427305,126.987985001308
등촌역점,서울특별시 강서구 공항대로 543 센터스퀘어 등촌,37.5507388549618,126.866412265444
오목교지하철역점,서울특별시 양천구 오목로 지하 342 오목교역(5호선) 지하1층 역사 내부,37.5244500703802,126.875354626254
현대백화점목동점,서울특별시 양천구 목동동로 257 현대백화점 지하,37.5273217750941,126.874619136454
증미역점,서울특별시 강서구 양천로 583 우림블루나인,37.5571161918617,126.864347419732
대림성모점,서울특별시 동작구 시흥대로 654,37.4899432805842,126.907821825149
공릉역점,서울특별시 노원구 동일로192길 74,37.6270616730914,127.07710132272
오목교역점,서울특별시 양천구 오목로 344 청학빌딩,37.5237531022074,126.875143110053
광나루역점,서울특별시 광진구 아차산로 607,37.547378597376,127.106047380217
신대방역점,서울특별시 관악구 난곡로 357,37.4859134542249,126.91344763033
신내점,서울특별시 중랑구 신내로72,37.6054064377729,127.09566855816
포이사거리점,서울특별시 강남구 논현로 82,37.4773867854988,127.045337416978
목동하이페리온점,서울특별시 양천구 오목로 300,37.5248304019543,126.87002254331
이마트목동점,서울특별시 양천구 오목로 299,37.5260837006075,126.87035534357
난곡사거리점,서울특별시 관악구 남부순환로 1474,37.4814595127091,126.914206776158
홈플러스중계점,서울특별시 노원구 동일로204가길 12 홈플러스중계점,37.6398580838556,127.068668049616
창동역점,서울특별시 도봉구 노해로63길 84-16,37.6521972939968,127.046828592435
홈플러스신내점,서울특별시 중랑구 신내로 201,37.6159839060513,127.093597352593
잠실학원사거리점,서울특별시 송파구 석촌호수로 130,37.5071964496082,127.091386305975
녹두거리점,서울특별시 관악구 신림로 127,37.4708080284167,126.935250407313
개포동점,서울특별시 강남구 선릉로 26 지하1층,37.4822879125616,127.061486552862
삼전역점,서울특별시 송파구 백제고분로 196,37.5039849019726,127.088313655428
목동사거리점,서울특별시 강서구 등촌로 25,37.5321895822628,126.863537819984
잠실장미상가점,"서울특별시 송파구 올림픽로35길 124 장미아파트 에이상가 내재 1동 101,107호,124-129호",37.5173394829102,127.10071613049
쌍문점,서울특별시 도봉구 도당로 2,37.6584179980264,127.035289665973
구로구청점,서울특별시 구로구 구로중앙로 68 신안타워 102-3호,37.495860314768,126.888807280468
NC신구로점,서울특별시 구로구 구로중앙로 152,37.5011601442131,126.882773011925
중계역점,서울특별시 노원구 동일로 1335,37.6479984188148,127.062272983643
창동점,"서울특별시 도봉구 마들로13길 61 시드큐브 창동 106-4,",37.6545399298261,127.049926290286
구로디지털단지역점,서울특별시 관악구 시흥대로 576,37.4840659932609,126.903076335442
홈플러스강서점,서울특별시 강서구 화곡로 398,37.5584699599397,126.854819012937
목동역점,서울특별시 양천구 목동로 203,37.5267062206829,126.86380676331
남구로점,서울특별시 구로구 도림로 81,37.4902543055104,126.892171200851
롯데백화점잠실점,서울특별시 송파구 올림픽로 240 롯데백화점잠실점 지하1층,37.5113096112036,127.098141751177
롯데월드점,서울특별시 송파구 올림픽로 240,37.5113096112036,127.098141751177
잠실점,서울특별시 송파구 올림픽로 269 롯데캐슬플라자,37.5144273491608,127.100611434725
잠실역8호선점,서울특별시 송파구 올림픽로 305 잠실역8호선 지하상가 H7~10호,37.5149771693164,127.10421637903
구로디지털대로점,서울특별시 구로구 시흥대로 561 동해빌딩,37.4832605046509,126.901242115542
가양역점,서울특별시 강서구 양천로 476 금부빌딩 지상1층,37.5616001805127,126.853271958466
양원역점,서울특별시 중랑구 양원역로10길 17 제이메디컬,37.6068148562813,127.106910986181
구로호텔점,서울특별시 구로구 디지털로32길 72,37.4831837029804,126.898856674536
구로지밸리몰점,서울특별시 구로구 디지털로 300 지밸리플라자,37.4849270383011,126.896538036905
롯데월드몰점,서울특별시 송파구 올림픽로 300 롯데월드몰,37.5137129859207,127.104301829165
롯데월드몰플러스점,서울특별시 송파구 올림픽로 300 롯데월드몰,37.5137129859207,127.104301829165
강서구청점,서울특별시 강서구 화곡로 316,37.552070555601,126.850215524487
양천구청점,서울특별시 양천구 목동동로 73,37.5157733856226,126.862808387683
배명사거리점,서울특별시 송파구 백제고분로 276 공익빌딩,37.5021081097948,127.097258552535
송파구청점,서울특별시 송파구 오금로 87 잠실리시온,37.5146105475103,127.107438305989
노원역사거리점,"서울특별시 노원구 노해로 480 조광빌딩,2층",37.6541794204255,127.061435135164
노원점,"서울특별시 노원구 상계로 65,106호",37.6563543249568,127.062249590194
홈플러스방학점,서울특별시 도봉구 도봉로 678 홈플러스방학점,37.6648108932287,127.04368647954
양재하나로클럽점,서울특별시 서초구 청계산로 10,37.4632288044056,127.043530153585
구일역점,"서울특별시 구로구 구일로10길 49 제101-2호, 제102-1호",37.495744201061,126.874445893777
천호엔터식스점,서울특별시 강동구 천호대로 지하 997 지하1층,37.5385789820645,127.123742434482
일원역점,서울특별시 강남구 일원로 115 삼성생명 일원역빌딩 B동,37.4840224010593,127.084459720088
천호역점,서울특별시 강동구 올림픽로 659,37.5403046724091,127.123564698301
방학역점,서울특별시 도봉구 도봉로150길 28,37.6659242996967,127.044716380663
은행사거리점,서울특별시 노원구 한글비석로 264 중계그랜드프라자,37.6511587125973,127.077337907538
석촌역점,서울특별시 송파구 백제고분로 387,37.5065099874616,127.10851448578
신정네거리역점,서울특별시 양천구 중앙로 252,37.5190713670064,126.853683543784
방이시장점,서울특별시 송파구 백제고분로 460,37.5114786473939,127.113331548837
강동구청점,서울특별시 강동구 성내로 19,37.5303607386477,127.122830787843
송리단길점,서울특별시 송파구 백제고분로 425,37.5091577980639,127.111100581967
암사역점,서울특별시 강동구 올림픽로 774,37.5501877541705,127.127855040205
천호중앙점,서울특별시 강동구 천호대로 1027 일동빌딩,37.5381084632581,127.126395521678
까치산역점,"서울특별시 강서구 강서로13길 3, 지하",37.5322957492562,126.846047920456
양천향교역점,서울특별시 강서구 양천로 344,37.5682660192783,126.840359563104
현대아울렛가산점,서울특별시 금천구 디지털로10길 9 지하,37.4776190161713,126.88905533739
가산디지털단지역점,서울특별시 금천구 벚꽃로 286,37.4803938924495,126.884121140151
화곡역사거리점,서울특별시 강서구 강서로 163,37.5412413213065,126.840345915343
발산점,서울특별시 강서구 강서로 360,37.5576945764491,126.838393605308
발산역점,"서울특별시 강서구 강서로 385 우성에스비타워,108호,109호",37.5600926354663,126.838304106686
가산점,서울특별시 금천구 가산디지털1로 168 우림라온스밸리 A동 124~126호,37.479966429878,126.88263620024
마들역점,서울특별시 노원구 동일로 1532 거북빌딩,37.665306491751,127.057975536284
화곡역점,서울특별시 강서구 화곡로 149 심당빌딩,37.5412945871929,126.838173965203
상계보람점,서울특별시 노원구 한글비석로 471,37.6642116374435,127.065838887284
홈플러스금천점,서울특별시 금천구 시흥대로 391 홈플러스금천점,37.4686638539154,126.896885338466
우장산역점,서울특별시 강서구 강서로 242 강서힐스테이트 118~122호,37.5471644988463,126.836797010994
헬리오시티점,서울특별시 송파구 송파대로 345 1041~1043,37.4976145695004,127.102531804188
수서역점,서울특별시 강남구 밤고개로1길 10,37.4880244867416,127.101844450006
고척아이파크몰점,서울특별시 구로구 경인로43길 49,37.4991318775075,126.857590075507
개봉역북부점,서울특별시 구로구 경인로40길 41 181-5번지 외 2필지,37.4950263686092,126.859029376899
길동사거리점,서울특별시 강동구 천호대로 1120,37.534450521112,127.135629165345
방이역점,서울특별시 송파구 마천로 41,37.5090453335185,127.125513382654
길동역점,서울특별시 강동구 양재대로 1481,37.538271092885,127.139901172837
둔촌점,서울특별시 강동구 양재대로 1317 경일빌딩,37.5239927924358,127.134359400059
홈플러스강동점,서울특별시 강동구 양재대로 1571 홈플러스 강동점,37.5457145865749,127.14225531407
마곡역점,"서울특별시 강서구 공항대로 168,올리브영 마곡역점",37.5592736391913,126.826136981493
서서울호수공원점,서울특별시 양천구 남부순환로 424 올리브영 서서울호수공원점,37.5297815340206,126.831861728567
수락산역점,서울특별시 노원구 동일로 1660,37.6765885920661,127.055667748254
명일역점,서울특별시 강동구 양재대로 1637~4호,37.5517127049321,127.143821523561
양천신월점,서울특별시 양천구 지양로 78,37.5226624829591,126.833599900906
마곡나루역점,서울특별시 강서구 마곡중앙5로 18,37.5672462920678,126.825841587227
가락시장역점,서울특별시 송파구 중대로 105 가락 ID타워,37.493586152986,127.120052549745
은행나무사거리점,서울특별시 금천구 금하로 705,37.4515708431855,126.908361346757
원그로브점,서울특별시 강서구 공항대로 165 지하1층 EB129호,37.5608751008131,126.824695969186
시흥사거리점,서울특별시 금천구 시흥대로 228,37.454225418124,126.901216447928
홈플러스시흥점,서울특별시 금천구 시흥대로 201,37.4519790161758,126.90079038873
오류동역점,서울특별시 구로구 경인로 204,37.4957072365586,126.843891478732
신방화역점,"서울특별시 강서구 방화대로 294 마곡더블유타워,122호",37.5669962165931,126.81705155434
문정역점,"서울특별시 송파구 송파대로 167 B동 지하1층 G127,128호",37.4846614982049,127.120933640924
세곡동점,서울특별시 강남구 헌릉로569길 21-36,37.4663990054191,127.100155695519
고덕점,서울특별시 강동구 동남로75길 13-15 성은빌딩,37.5541907161954,127.15554959338
송파하비오점,서울특별시 송파구 송파대로 111 올리브영 송파하비오점,37.4796870553794,127.124979804141
이케아강동점,서울특별시 강동구 고덕비즈밸리로 51,37.5666602103625,127.157332910007
개롱역점,서울특별시 송파구 오금로 404,37.4975927810188,127.135121781578
방화역점,서울특별시 강서구 금낭화로 292,37.5760594541208,126.81186601779
송정역점,서울특별시 강서구 공항대로 28,37.5611463611113,126.810280495789
천왕역점,서울특별시 구로구 오류로 20,37.4864228613497,126.839488895877
현대시티몰가든파이브점,서울특별시 송파구 충민로 66 현대시티몰가든파이브점 몰관,37.4776148442516,127.124961768886
김포공항국내선청사점,서울특별시 강서구 하늘길 112 김포공항국내선청사 동편,37.558958766307,126.803085626211
롯데몰김포공항점,서울특별시 강서구 하늘길 38 롯데몰스카이파크 지하2층,37.5713695798026,126.802960133589
거여역점,서울특별시 송파구 오금로 509,37.4931949986937,127.145417980953
상일동역점,"서울특별시 강동구 고덕로 399 고덕동 210-1 고덕센트럴푸르지오 메가스퀘어 102,103,",37.5574405229047,127.16967893433
위례아이파크점,서울특별시 송파구 위례광장로 136,37.4771958181254,127.142374845651
울산언양점,울산광역시 울주군 언양읍 헌양길 167,35.5669476012377,129.117248126697
울산구영점,울산광역시 울주군 범서읍 구영로 78 서진프라자 108~110호,35.5754500728265,129.240660465363
울산상안점,"울산광역시 북구 아진로 61 101,(상안동)",35.6288426882092,129.341251976015
울산호계점,울산광역시 북구 호계로 281 102~103호,35.6282951254051,129.350681259358
울산굴화점,울산광역시 울주군 범서읍 울밀로 2856 올리브영 울산굴화점,35.5569849813413,129.260308949798
울산대점,울산광역시 남구 대학로84번길 5-14,35.5427809654172,129.260662461838
울산송정점,울산광역시 북구 화산로 101,35.6009777250746,129.365516177992
울산태화점,울산광역시 중구 명륜로 31 코너,35.5552187918261,129.308946758184
울산옥동점,울산광역시 남구 문수로 336,35.5348039624675,129.290076082978
홈플러스울산점,울산광역시 중구 번영로 475,35.5643863982418,129.334860143614
울산화봉점,울산광역시 북구 화봉로 69,35.588604012898,129.366540292492
울산성남점,울산광역시 중구 젊음의거리 76 올리브영,35.5539688227007,129.321330180064
울산대공원점,울산광역시 남구 대공원입구로 1,35.5323120209988,129.293334161151
울산병영점,울산광역시 중구 남외로 92,35.5687434041371,129.346282459885
울산신정점,울산광역시 남구 월평로 50,35.5416127218025,129.311091940651
울산신선도원점,울산광역시 북구 진장17길 10 신선도원몰 올리브영,35.5619158810741,129.356439885394
울산대로점,울산광역시 남구 삼산로 136,35.5357984086862,129.322340039969
울산삼산대로점,울산광역시 남구 삼산로 257,35.5391616359902,129.33508538773
울산삼산점,울산광역시 남구 삼산로 267번길 6-14,35.5397513501167,129.336941881327
울산업스퀘어점,울산광역시 남구 화합로 185 울산업스퀘어 1F 올리브영,35.5413463629004,129.338899592372
홈플러스울산남구점,울산광역시 남구 수암로 148 홈플러스(울산남구점),35.5264303204015,129.322715097391
울산터미널점,"울산광역시 남구 화합로 138 101,102호(삼산동, 1617-14)",35.5372455224701,129.340526220164
울산남목점,울산광역시 동구 방어진순환도로 1132,35.5398287130945,129.425137417991
울산온산점,울산광역시 울주군 온산읍 덕신로 251,35.4337662582866,129.308886060799
현대백화점울산동구점,울산광역시 동구 방어진순환도로 899 현대백화점울산동구점,35.5216461283046,129.431326246089
울산테라스파크점,울산광역시 동구 방어진순환도로 652 B109~113호,35.4999595903965,129.428845197832
